Unnamed: 0,id,dataReferencia,codigo,nome,repacVenc,indice,correcao,taxaCompra,taxaVenda,taxaIndicativa,desvioPadrao,intervaloMin,intervaloMax,pu,percPu,duration,percReune,referenciaNTNB,spread_bid_ask,spread,spread_2,taxaIndicativa_diff
621179,1386394,2023-01-02,ALGA28,ALGAR TELECOM S/A,2026-02-15,0.9,di_spread,1.2486,1.0311,1.1451,0,"1,14","1,15","10480,251311","99,48","545,0256",0,1900-01-01,0.2175,-0.9276,-0.6825,-0.002
621953,1387942,2023-01-03,ALGA28,ALGAR TELECOM S/A,2026-02-15,0.9,di_spread,1.2753,1.0111,1.1465,0,"1,14","1,15","10485,843219","99,48","542,9513",0,1900-01-01,0.2642,-0.8823000000000001,-0.6358,0.0014
622727,1389490,2023-01-04,ALGA28,ALGAR TELECOM S/A,2026-02-15,0.9,di_spread,1.241,1.0397,1.148,0,"1,14","1,15","10491,368526","99,47","541,3634",0,1900-01-01,0.2013,-0.9467,-0.6987,0.0014999999999998
623501,1391038,2023-01-05,ALGA28,ALGAR TELECOM S/A,2026-02-15,0.9,di_spread,1.2387,1.0461,1.1482,0,"1,14","1,15","10497,05363","99,47","541,0881",0,1900-01-01,0.1925999999999998,-0.9556000000000002,-0.7074000000000001,0.0002000000000002
624275,1392586,2023-01-06,ALGA28,ALGAR TELECOM S/A,2026-02-15,0.9,di_spread,1.2455,1.041,1.1488,0,"1,15","1,15","10502,644123","99,47","540,8956",0,1900-01-01,0.2045000000000001,-0.9443,-0.6954999999999999,0.0005999999999999
625049,1394134,2023-01-09,ALGA28,ALGAR TELECOM S/A,2026-02-15,0.9,di_spread,1.2388,1.041,1.1494,0,"1,15","1,15","10508,277844","99,47","540,3129",0,1900-01-01,0.1977999999999999,-0.9516,-0.7022,0.0005999999999999
625823,1395682,2023-01-10,ALGA28,ALGAR TELECOM S/A,2026-02-15,0.9,di_spread,1.2515,1.041,1.1491,0,"1,15","1,15","10514,129456","99,47","539,5945",0,1900-01-01,0.2105000000000001,-0.9386,-0.6894999999999999,-0.0002999999999999
626596,1397228,2023-01-11,ALGA28,ALGAR TELECOM S/A,2026-02-15,0.9,di_spread,1.24,1.0461,1.1492,0,"1,15","1,15","10519,87066","99,47","539,1134",0,1900-01-01,0.1938999999999999,-0.9553,-0.7061000000000001,9.9999999999989e-05
627369,1398774,2023-01-12,ALGA28,ALGAR TELECOM S/A,2026-02-15,0.9,di_spread,1.2863,1.0742,1.1457,"0,03","1,11","1,18","10526,404984","99,48","538,7454",0,1900-01-01,0.2120999999999999,-0.9336,-0.6879000000000001,-0.0035
628142,1400320,2023-01-13,ALGA28,ALGAR TELECOM S/A,2026-02-15,0.9,di_spread,1.3474,1.0383,1.1619,"0,07","1,09","1,23","10528,635088","99,45","537,6523",35,1900-01-01,0.3090999999999999,-0.8528,-0.5909000000000001,0.0161999999999999
628915,1401864,2023-01-16,ALGA28,ALGAR TELECOM S/A,2026-02-15,0.9,di_spread,1.4097,1.0471,1.1722,"0,07","1,1","1,24","10532,285315","99,43","535,7094",10,1900-01-01,0.3626,-0.8095999999999999,-0.5374,0.0102999999999999
629686,1403406,2023-01-17,ALGA28,ALGAR TELECOM S/A,2026-02-15,0.9,di_spread,1.3917,1.053,1.1919,"0,08","1,11","1,27","10533,709695","99,39","535,1631",5,1900-01-01,0.3387,-0.8532,-0.5613,0.0197
630457,1404948,2023-01-18,ALGA28,ALGAR TELECOM S/A,2026-02-15,0.9,di_spread,1.4104,1.0755,1.2079,"0,07","1,13","1,28","10536,027147","99,36","534,103",0,1900-01-01,0.3349000000000002,-0.8729999999999998,-0.5650999999999998,0.016
631228,1406486,2023-01-19,ALGA28,ALGAR TELECOM S/A,2026-02-15,0.9,di_spread,1.4127,1.0856,1.2128,"0,07","1,14","1,29","10540,837762","99,35","532,8078",0,1900-01-01,0.3271000000000001,-0.8856999999999999,-0.5728999999999999,0.0049000000000001
631995,1407253,2023-01-20,ALGA28,ALGAR TELECOM S/A,2026-02-15,0.9,di_spread,1.4164,1.0884,1.219,"0,07","1,15","1,29","10545,405252","99,34","531,2446",0,1900-01-01,0.328,-0.891,-0.572,0.0061999999999999
632761,1408785,2023-01-23,ALGA28,ALGAR TELECOM S/A,2026-02-15,0.9,di_spread,1.4296,1.1456,1.2397,"0,1","1,14","1,34","10546,774507","99,3","529,8838",0,1900-01-01,0.284,-0.9557,-0.616,0.0206999999999999
633527,1410317,2023-01-24,ALGA28,ALGAR TELECOM S/A,2026-02-15,0.9,di_spread,1.4625,1.15,1.2659,"0,1","1,17","1,36","10546,865657","99,24","529,1751",0,1900-01-01,0.3125,-0.9534,-0.5875,0.0262
634293,1411849,2023-01-25,ALGA28,ALGAR TELECOM S/A,2026-02-15,0.9,di_spread,1.4605,1.151,1.2913,"0,08","1,22","1,37","10547,139496","99,19","528,5195",35,1900-01-01,0.3094999999999999,-0.9818,-0.5905000000000001,0.0253999999999998
635059,1413386,2023-01-26,ALGA28,ALGAR TELECOM S/A,2026-02-15,0.9,di_spread,1.4315,1.15,1.2849,"0,08","1,21","1,36","10554,461289","99,21","527,3332",10,1900-01-01,0.2815000000000001,-1.0033999999999998,-0.6184999999999999,-0.0063999999999999
635830,1414927,2023-01-27,ALGA28,ALGAR TELECOM S/A,2026-02-15,0.9,di_spread,1.4426,1.1533,1.2804,"0,07","1,21","1,35","10561,414167","99,22","525,8511",5,1900-01-01,0.2893000000000001,-0.9911,-0.6106999999999999,-0.0044999999999999
636600,1416467,2023-01-30,ALGA28,ALGAR TELECOM S/A,2026-02-15,0.9,di_spread,1.449,1.1595,1.2781,"0,07","1,21","1,35","10567,826871","99,22","524,7574",0,1900-01-01,0.2895000000000001,-0.9886,-0.6104999999999999,-0.0022999999999999
637370,1418007,2023-01-31,ALGA28,ALGAR TELECOM S/A,2026-02-15,0.9,di_spread,1.4431,1.1525,1.2811,"0,07","1,21","1,35","10573,037609","99,22","523,9938",0,1900-01-01,0.2905999999999999,-0.9905,-0.6094,0.0029999999999998
638140,1419547,2023-02-01,ALGA28,ALGAR TELECOM S/A,2026-02-15,0.9,di_spread,1.4434,1.1528,1.281,"0,07","1,21","1,35","10579,021535","99,22","522,6275",0,1900-01-01,0.2905999999999999,-0.9904,-0.6094,-9.9999999999989e-05
638910,1421086,2023-02-02,ALGA28,ALGAR TELECOM S/A,2026-02-15,0.9,di_spread,1.4434,1.1528,1.2827,"0,07","1,21","1,35","10584,604695","99,22","521,3507",0,1900-01-01,0.2905999999999999,-0.9921,-0.6094,0.0017
639679,1422624,2023-02-03,ALGA28,ALGAR TELECOM S/A,2026-02-15,0.9,di_spread,1.4692,1.1883,1.3006,"0,1","1,2","1,4","10586,810145","99,19","519,3662",0,1900-01-01,0.2809000000000001,-1.0196999999999998,-0.6190999999999999,0.0179
640448,1424158,2023-02-06,ALGA28,ALGAR TELECOM S/A,2026-02-15,0.9,di_spread,1.4686,1.1951,1.3171,"0,1","1,22","1,41","10589,188064","99,15","518,2978",0,1900-01-01,0.2734999999999998,-1.0436,-0.6265000000000002,0.0164999999999999
641213,1425688,2023-02-07,ALGA28,ALGAR TELECOM S/A,2026-02-15,0.9,di_spread,1.5129,1.1974,1.3418,"0,13","1,22","1,47","10589,722355","99,11","517,7593",0,1900-01-01,0.3154999999999999,-1.0263000000000002,-0.5845000000000001,0.0247000000000001
641977,1427216,2023-02-08,ALGA28,ALGAR TELECOM S/A,2026-02-15,0.9,di_spread,1.5202,1.2035,1.3525,"0,13","1,23","1,48","10593,190681","99,08","517,6772",0,1900-01-01,0.3167,-1.0358,-0.5833,0.0106999999999999
642741,1428744,2023-02-09,ALGA28,ALGAR TELECOM S/A,2026-02-15,0.9,di_spread,1.5528,1.208,1.3775,"0,12","1,26","1,5","10593,776178","99,04","516,6349",0,1900-01-01,0.3448,-1.0327,-0.5552,0.0249999999999999
643505,1430271,2023-02-10,ALGA28,ALGAR TELECOM S/A,2026-02-15,0.9,di_spread,1.5619,1.2055,1.3912,"0,12","1,27","1,51","10596,811849","99,01","515,5569",0,1900-01-01,0.3564,-1.0348,-0.5436,0.0137
644268,1431797,2023-02-13,ALGA28,ALGAR TELECOM S/A,2026-02-15,0.9,di_spread,1.7061,1.2155,1.4183,"0,14","1,28","1,56","10597,079792","98,96","514,09",0,1900-01-01,0.4905999999999999,-0.9277,-0.4094000000000001,0.0270999999999999
645031,1433323,2023-02-14,ALGA28,ALGAR TELECOM S/A,2026-02-15,0.9,di_spread,1.8595,1.1971,1.447,"0,12","1,33","1,57","10596,853757","98,9","513,4467",0,1900-01-01,0.6623999999999999,-0.7846000000000002,-0.2376000000000001,0.0287000000000001
645793,1434846,2023-02-15,ALGA28,ALGAR TELECOM S/A,2026-02-15,0.9,di_spread,1.8284,1.2198,1.5159,"0,12","1,4","1,64","9867,766082","98,68","550,8073",35,1900-01-01,0.6086,-0.9073,-0.2914,0.0688999999999999
646554,1436368,2023-02-16,ALGA28,ALGAR TELECOM S/A,2026-02-15,0.9,di_spread,1.7564,1.3839,1.558,"0,18","1,37","1,74","9864,439209","98,59","549,753",10,1900-01-01,0.3725,-1.1855,-0.5275,0.0421
647315,1439412,2023-02-17,ALGA28,ALGAR TELECOM S/A,2026-02-15,0.9,di_spread,1.8591,1.5135,1.5954,"0,16","1,44","1,75","9862,091962","98,51","548,8974",5,1900-01-01,0.3455999999999999,-1.2498,-0.5544000000000001,0.0373999999999998
648076,1440934,2023-02-22,ALGA28,ALGAR TELECOM S/A,2026-02-15,0.9,di_spread,1.814,1.4535,1.6407,"0,14","1,5","1,79","9858,303958","98,42","547,3363",0,1900-01-01,0.3605,-1.2802,-0.5395,0.0453000000000001
648837,1442461,2023-02-23,ALGA28,ALGAR TELECOM S/A,2026-02-15,0.9,di_spread,1.7828,1.4721,1.6452,"0,14","1,5","1,79","9862,991654","98,42","546,3626",0,1900-01-01,0.3107,-1.3345,-0.5893,0.0044999999999999
649603,1443993,2023-02-24,ALGA28,ALGAR TELECOM S/A,2026-02-15,0.9,di_spread,1.9056,1.4657,1.7166,"0,12","1,6","1,83","9853,859275","98,27","544,6178",35,1900-01-01,0.4398999999999999,-1.2767,-0.4601,0.0713999999999999
650369,1445525,2023-02-27,ALGA28,ALGAR TELECOM S/A,2026-02-15,0.9,di_spread,1.94,1.5479,1.7029,"0,05","1,65","1,76","9862,169045","98,3","544,3663",45,1900-01-01,0.3920999999999999,-1.3108000000000002,-0.5079000000000001,-0.0136999999999998
651135,1447057,2023-02-28,ALGA28,ALGAR TELECOM S/A,2026-02-15,0.9,di_spread,1.9172,1.5839,1.7412,"0,14","1,6","1,88","9859,92177","98,22","543,0355",50,1900-01-01,0.3332999999999999,-1.4079000000000002,-0.5667000000000001,0.0383
651901,1448589,2023-03-01,ALGA28,ALGAR TELECOM S/A,2026-02-15,0.9,di_spread,1.9367,1.5485,1.7239,"0,07","1,65","1,79","9869,192592","98,26","542,1292",15,1900-01-01,0.3882000000000001,-1.3357,-0.5117999999999999,-0.0173
652667,1450121,2023-03-02,ALGA28,ALGAR TELECOM S/A,2026-02-15,0.9,di_spread,1.9817,1.5888,1.7286,"0,08","1,65","1,8","9874,039174","98,26","540,673",5,1900-01-01,0.3929,-1.3357,-0.5071,0.0046999999999999
653433,1451653,2023-03-03,ALGA28,ALGAR TELECOM S/A,2026-02-15,0.9,di_spread,1.936,1.5908,1.7232,"0,11","1,62","1,83","9880,900874","98,27","539,5175",0,1900-01-01,0.3451999999999999,-1.378,-0.5548000000000001,-0.0053999999999998
654198,1453183,2023-03-06,ALGA28,ALGAR TELECOM S/A,2026-02-15,0.9,di_spread,1.9679,1.6016,1.7216,"0,15","1,57","1,87","9886,750863","98,28","539,0579",0,1900-01-01,0.3663,-1.3553,-0.5337,-0.0016
654963,1454713,2023-03-07,ALGA28,ALGAR TELECOM S/A,2026-02-15,0.9,di_spread,1.9277,1.5982,1.713,"0,12","1,6","1,83","9894,115134","98,3","538,4291",0,1900-01-01,0.3294999999999999,-1.3835000000000002,-0.5705000000000001,-0.0085999999999999
655728,1456243,2023-03-08,ALGA28,ALGAR TELECOM S/A,2026-02-15,0.9,di_spread,1.9277,1.5982,1.7109,"0,12","1,6","1,83","9899,989266","98,3","538,2412",0,1900-01-01,0.3294999999999999,-1.3814000000000002,-0.5705000000000001,-0.0020999999999999
656493,1457773,2023-03-09,ALGA28,ALGAR TELECOM S/A,2026-02-15,0.9,di_spread,1.9652,1.6152,1.7145,"0,13","1,59","1,84","9904,729336","98,3","537,8925",0,1900-01-01,0.3500000000000001,-1.3644999999999998,-0.5499999999999999,0.0035999999999998
657258,1459303,2023-03-10,ALGA28,ALGAR TELECOM S/A,2026-02-15,0.9,di_spread,1.8704,1.5983,1.7056,"0,1","1,6","1,81","9912,4766","98,32","536,262",35,1900-01-01,0.2721,-1.4335,-0.6279,-0.0088999999999999
658023,1460833,2023-03-13,ALGA28,ALGAR TELECOM S/A,2026-02-15,0.9,di_spread,1.8634,1.5811,1.6982,"0,1","1,6","1,8","9919,468844","98,34","536,0497",45,1900-01-01,0.2823,-1.4159,-0.6177,-0.0074
658788,1462363,2023-03-14,ALGA28,ALGAR TELECOM S/A,2026-02-15,0.9,di_spread,1.8624,1.5811,1.6833,"0,09","1,59","1,78","9928,332009","98,37","534,8274",15,1900-01-01,0.2813000000000001,-1.402,-0.6186999999999999,-0.0148999999999999
659551,1463888,2023-03-15,ALGA28,ALGAR TELECOM S/A,2026-02-15,0.9,di_spread,1.9485,1.5939,1.6887,"0,05","1,63","1,74","9932,739997","98,36","534,3911",5,1900-01-01,0.3545999999999998,-1.3341000000000005,-0.5454000000000002,0.0054
660313,1465412,2023-03-16,ALGA28,ALGAR TELECOM S/A,2026-02-15,0.9,di_spread,1.9104,1.5939,1.6859,"0,09","1,6","1,77","9939,169559","98,37","532,9196",0,1900-01-01,0.3165,-1.3694,-0.5835,-0.0028000000000001
661075,1466936,2023-03-17,ALGA28,ALGAR TELECOM S/A,2026-02-15,0.9,di_spread,1.9114,1.5833,1.6961,"0,02","1,68","1,71","9942,624476","98,35","532,3817",0,1900-01-01,0.3281,-1.368,-0.5719,0.0101999999999999
661837,1468460,2023-03-20,ALGA28,ALGAR TELECOM S/A,2026-02-15,0.9,di_spread,1.9485,1.5939,1.6965,"0,01","1,68","1,71","9948,291701","98,35","531,2642",0,1900-01-01,0.3545999999999998,-1.3419,-0.5454000000000002,0.0003999999999999
662648,1469984,2023-03-21,ALGA28,ALGAR TELECOM S/A,2026-02-15,0.9,di_spread,1.9805,1.6083,1.7106,"0,05","1,66","1,76","9951,14067","98,33","530,1329",0,1900-01-01,0.3721999999999998,-1.3384,-0.5278000000000002,0.0141
663361,1471459,2023-03-22,ALGA28,ALGAR TELECOM S/A,2026-02-15,0.9,di_spread,1.9294,1.5675,1.7083,"0,04","1,67","1,75","9957,281362","98,34","529,314",0,1900-01-01,0.3619000000000001,-1.3463999999999998,-0.5380999999999999,-0.0022999999999999
664123,1472983,2023-03-23,ALGA28,ALGAR TELECOM S/A,2026-02-15,0.9,di_spread,1.9277,1.5683,1.707,"0,01","1,69","1,72","9963,43085","98,34","527,8195",0,1900-01-01,0.3593999999999999,-1.3476,-0.5406000000000001,-0.0012999999999998
664885,1474507,2023-03-24,ALGA28,ALGAR TELECOM S/A,2026-02-15,0.9,di_spread,1.9801,1.5748,1.7047,"0,01","1,69","1,72","9969,425836","98,35","527,4793",0,1900-01-01,0.4053,-1.2994,-0.4947,-0.0022999999999999
665647,1476039,2023-03-27,ALGA28,ALGAR TELECOM S/A,2026-02-15,0.9,di_spread,1.954,1.5609,1.7073,"0,02","1,69","1,72","9974,543551","98,35","526,7357",35,1900-01-01,0.3931,-1.3142,-0.5069,0.0025999999999999
666417,1477577,2023-03-28,ALGA28,ALGAR TELECOM S/A,2026-02-15,0.9,di_spread,1.9815,1.5837,1.7095,"0,01","1,7","1,72","9979,982834","98,35","525,2472",10,1900-01-01,0.3977999999999999,-1.3117,-0.5022000000000001,0.0021999999999999
667185,1479113,2023-03-29,ALGA28,ALGAR TELECOM S/A,2026-02-15,0.9,di_spread,1.9764,1.622,1.7122,"0,05","1,66","1,76","9985,36833","98,35","523,6236",5,1900-01-01,0.3543999999999998,-1.3578,-0.5456000000000002,0.0026999999999999
667953,1480647,2023-03-30,ALGA28,ALGAR TELECOM S/A,2026-02-15,0.9,di_spread,1.9434,1.5717,1.7151,"0,03","1,69","1,74","9990,28586","98,34","523,3606",0,1900-01-01,0.3716999999999999,-1.3434,-0.5283000000000001,0.0029000000000001
668719,1482179,2023-03-31,ALGA28,ALGAR TELECOM S/A,2026-02-15,0.9,di_spread,1.9426,1.5837,1.7147,"0,02","1,69","1,74","9996,178312","98,35","522,1647",35,1900-01-01,0.3589,-1.3558,-0.5411,-0.0004000000000001
669485,1483711,2023-04-03,ALGA28,ALGAR TELECOM S/A,2026-02-15,0.9,di_spread,1.891,1.5754,1.7132,"0,01","1,7","1,73","10002,220647","98,35","521,2115",10,1900-01-01,0.3156000000000001,-1.3976,-0.5843999999999999,-0.0014999999999998
670251,1485243,2023-04-04,ALGA28,ALGAR TELECOM S/A,2026-02-15,0.9,di_spread,1.8877,1.5744,1.7065,"0,03","1,68","1,73","10009,368097","98,37","520,1194",5,1900-01-01,0.3132999999999999,-1.3932,-0.5867000000000001,-0.0067000000000001
671017,1486775,2023-04-05,ALGA28,ALGAR TELECOM S/A,2026-02-15,0.9,di_spread,1.8839,1.5631,1.7021,"0,03","1,67","1,73","10015,973269","98,38","519,2636",0,1900-01-01,0.3208,-1.3813,-0.5792,-0.0043999999999999
671783,1489073,2023-04-06,ALGA28,ALGAR TELECOM S/A,2026-02-15,0.9,di_spread,1.9326,1.5837,1.6952,"0,04","1,66","1,73","10023,216268","98,4","517,996",0,1900-01-01,0.3489,-1.3463,-0.5511,-0.0068999999999999
672549,1490604,2023-04-10,ALGA28,ALGAR TELECOM S/A,2026-02-15,0.9,di_spread,1.8877,1.5615,1.6897,"0,05","1,64","1,74","10030,054962","98,41","517,1126",0,1900-01-01,0.3261999999999998,-1.3635000000000002,-0.5738000000000002,-0.0055
673314,1492134,2023-04-11,ALGA28,ALGAR TELECOM S/A,2026-02-15,0.9,di_spread,1.8811,1.5422,1.6832,"0,04","1,64","1,73","10036,873124","98,42","516,957",0,1900-01-01,0.3389,-1.3443,-0.5611,-0.0064999999999999
674079,1493664,2023-04-12,ALGA28,ALGAR TELECOM S/A,2026-02-15,0.9,di_spread,1.8332,1.5521,1.679,"0,04","1,63","1,72","10043,513848","98,44","515,8691",0,1900-01-01,0.2810999999999999,-1.3979,-0.6189000000000001,-0.0041999999999999
674844,1495193,2023-04-13,ALGA28,ALGAR TELECOM S/A,2026-02-15,0.9,di_spread,1.8516,1.5621,1.6821,"0,06","1,63","1,74","10048,649008","98,43","514,8766",0,1900-01-01,0.2894999999999998,-1.3926,-0.6105000000000002,0.0030999999999998
675608,1496721,2023-04-14,ALGA28,ALGAR TELECOM S/A,2026-02-15,0.9,di_spread,1.8933,1.5767,1.6909,"0,06","1,63","1,75","10052,758904","98,42","513,4952",0,1900-01-01,0.3166,-1.3743,-0.5834,0.0088000000000001
676372,1498248,2023-04-17,ALGA28,ALGAR TELECOM S/A,2026-02-15,0.9,di_spread,1.91,1.606,1.7032,"0,03","1,67","1,74","10056,086017","98,4","512,3957",0,1900-01-01,0.3039999999999998,-1.3992000000000002,-0.5960000000000002,0.0122999999999999
677135,1499774,2023-04-18,ALGA28,ALGAR TELECOM S/A,2026-02-15,0.9,di_spread,1.9817,1.6194,1.718,"0,03","1,69","1,75","10058,988964","98,37","511,0895",0,1900-01-01,0.3623,-1.3557,-0.5377,0.0147999999999999
677898,1501300,2023-04-19,ALGA28,ALGAR TELECOM S/A,2026-02-15,0.9,di_spread,2.0179,1.624,1.7344,"0,07","1,67","1,8","10061,648997","98,35","509,5962",0,1900-01-01,0.3938999999999999,-1.3405,-0.5061000000000001,0.0163999999999999
678661,1503589,2023-04-20,ALGA28,ALGAR TELECOM S/A,2026-02-15,0.9,di_spread,2.0405,1.6384,1.7465,"0,06","1,69","1,81","10064,869433","98,32","509,0607",0,1900-01-01,0.4021000000000001,-1.3443999999999998,-0.4978999999999999,0.0121
679424,1505115,2023-04-24,ALGA28,ALGAR TELECOM S/A,2026-02-15,0.9,di_spread,2.0406,1.6404,1.7553,"0,04","1,72","1,79","10068,836375","98,31","508,2885",0,1900-01-01,0.4001999999999999,-1.3551000000000002,-0.4998000000000001,0.0088000000000001
680188,1506647,2023-04-25,ALGA28,ALGAR TELECOM S/A,2026-02-15,0.9,di_spread,2.0406,1.6415,1.7592,"0,04","1,72","1,79","10073,794854","98,3","507,5003",0,1900-01-01,0.3991,-1.3601,-0.5009,0.0039
680956,1508183,2023-04-26,ALGA28,ALGAR TELECOM S/A,2026-02-15,0.9,di_spread,2.0406,1.6415,1.7641,"0,03","1,73","1,8","10078,673101","98,3","506,3761",0,1900-01-01,0.3991,-1.365,-0.5009,0.0048999999999999
681724,1509718,2023-04-27,ALGA28,ALGAR TELECOM S/A,2026-02-15,0.9,di_spread,2.042,1.6529,1.7699,"0,03","1,74","1,8","10083,38571","98,29","505,2321",0,1900-01-01,0.3890999999999998,-1.3808000000000002,-0.5109000000000002,0.0058
682490,1512016,2023-04-28,ALGA28,ALGAR TELECOM S/A,2026-02-15,0.9,di_spread,2.0161,1.6609,1.7724,"0,03","1,75","1,8","10088,900454","98,29","503,6855",0,1900-01-01,0.3551999999999997,-1.4172000000000002,-0.5448000000000003,0.0024999999999999
683256,1513548,2023-05-02,ALGA28,ALGAR TELECOM S/A,2026-02-15,0.9,di_spread,1.9926,1.6633,1.782,"0,04","1,74","1,82","10092,752156","98,28","502,8929",0,1900-01-01,0.3292999999999999,-1.4527,-0.5707000000000001,0.0096
684022,1515080,2023-05-03,ALGA28,ALGAR TELECOM S/A,2026-02-15,0.9,di_spread,2.0188,1.6771,1.7887,"0,05","1,73","1,84","10097,158374","98,27","502,1785",0,1900-01-01,0.3417000000000001,-1.4469999999999998,-0.5582999999999999,0.0066999999999999
684788,1516612,2023-05-04,ALGA28,ALGAR TELECOM S/A,2026-02-15,0.9,di_spread,2.1404,1.6877,1.8146,"0,11","1,71","1,92","10097,749661","98,22","501,522",0,1900-01-01,0.4527000000000001,-1.3619,-0.4472999999999999,0.0259
685554,1518144,2023-05-05,ALGA28,ALGAR TELECOM S/A,2026-02-15,0.9,di_spread,2.1053,1.6988,1.8333,"0,1","1,73","1,94","10099,857624","98,19","500,65",0,1900-01-01,0.4065000000000001,-1.4267999999999998,-0.4934999999999999,0.0186999999999999
686319,1519674,2023-05-08,ALGA28,ALGAR TELECOM S/A,2026-02-15,0.9,di_spread,2.1342,1.6889,1.8509,"0,11","1,74","1,96","10102,228696","98,15","499,6922",0,1900-01-01,0.4452999999999998,-1.4056000000000002,-0.4547000000000002,0.0176
687084,1521204,2023-05-09,ALGA28,ALGAR TELECOM S/A,2026-02-15,0.9,di_spread,2.135,1.6959,1.8517,"0,07","1,78","1,92","10108,051407","98,16","498,3895",0,1900-01-01,0.4390999999999998,-1.4126,-0.4609000000000002,0.0007999999999999
687849,1522734,2023-05-10,ALGA28,ALGAR TELECOM S/A,2026-02-15,0.9,di_spread,2.1278,1.7062,1.8414,"0,14","1,7","1,98","10115,918494","98,18","497,4621",0,1900-01-01,0.4216000000000002,-1.4197999999999995,-0.4783999999999998,-0.0102999999999999
688614,1524264,2023-05-11,ALGA28,ALGAR TELECOM S/A,2026-02-15,0.9,di_spread,2.125,1.6822,1.842,"0,11","1,73","1,96","10121,579755","98,18","496,7071",0,1900-01-01,0.4428000000000001,-1.3992,-0.4571999999999999,0.0006000000000001
689379,1525794,2023-05-12,ALGA28,ALGAR TELECOM S/A,2026-02-15,0.9,di_spread,2.143,1.6959,1.8425,"0,07","1,77","1,91","10127,43632","98,19","495,4908",0,1900-01-01,0.4470999999999998,-1.3954000000000002,-0.4529000000000002,0.0004999999999999
690143,1527320,2023-05-15,ALGA28,ALGAR TELECOM S/A,2026-02-15,0.9,di_spread,2.1493,1.6959,1.8524,"0,07","1,78","1,92","10131,333087","98,17","494,6043",0,1900-01-01,0.4534000000000002,-1.3989999999999998,-0.4465999999999998,0.0099
690905,1528844,2023-05-16,ALGA28,ALGAR TELECOM S/A,2026-02-15,0.9,di_spread,2.1493,1.6959,1.8557,"0,06","1,8","1,92","10136,61655","98,17","493,4868",0,1900-01-01,0.4534000000000002,-1.4022999999999997,-0.4465999999999998,0.0032999999999998
691667,1530368,2023-05-17,ALGA28,ALGAR TELECOM S/A,2026-02-15,0.9,di_spread,2.1325,1.6899,1.8566,"0,07","1,79","1,93","10142,41228","98,17","492,2677",0,1900-01-01,0.4425999999999999,-1.414,-0.4574000000000001,0.0009000000000001
692428,1531890,2023-05-18,ALGA28,ALGAR TELECOM S/A,2026-02-15,0.9,di_spread,2.1463,1.6939,1.8611,"0,06","1,8","1,92","10147,361467","98,17","491,4415",0,1900-01-01,0.4524000000000001,-1.4086999999999998,-0.4475999999999999,0.0044999999999999
693189,1533412,2023-05-19,ALGA28,ALGAR TELECOM S/A,2026-02-15,0.9,di_spread,2.1303,1.6877,1.8577,"0,07","1,79","1,92","10153,919762","98,18","490,4409",0,1900-01-01,0.4426000000000001,-1.4150999999999998,-0.4573999999999999,-0.0034
693950,1534925,2023-05-22,ALGA28,ALGAR TELECOM S/A,2026-02-15,0.9,di_spread,2.1311,1.6937,1.867,"0,03","1,83","1,9","10158,07143","98,16","489,2873",0,1900-01-01,0.4374,-1.4296,-0.4626,0.0093
694702,1536429,2023-05-23,ALGA28,ALGAR TELECOM S/A,2026-02-15,0.9,di_spread,2.0551,1.698,1.8585,"0,08","1,78","1,94","10165,555791","98,18","488,46",0,1900-01-01,0.3571,-1.5014,-0.5429,-0.0084999999999999
695454,1537933,2023-05-24,ALGA28,ALGAR TELECOM S/A,2026-02-15,0.9,di_spread,2.0453,1.6978,1.8471,"0,06","1,79","1,91","10173,600275","98,21","487,65",0,1900-01-01,0.3475000000000001,-1.4995999999999998,-0.5524999999999999,-0.0114
696206,1539458,2023-05-25,ALGA28,ALGAR TELECOM S/A,2026-02-15,0.9,di_spread,2.0248,1.6901,1.826,"0,06","1,77","1,89","10183,391386","98,25","487,19",0,1900-01-01,0.3347,-1.4913,-0.5653,-0.0210999999999998
696979,1541004,2023-05-26,ALGA28,ALGAR TELECOM S/A,2026-02-15,0.9,di_spread,2.063,1.6829,1.8264,"0,06","1,77","1,89","10189,179827","98,25","486,29",0,1900-01-01,0.3801000000000001,-1.4463,-0.5198999999999999,0.0003999999999999
697752,1542549,2023-05-29,ALGA28,ALGAR TELECOM S/A,2026-02-15,0.9,di_spread,1.9352,1.6529,1.8017,"0,09","1,71","1,89","10199,918608","98,3","485,14",35,1900-01-01,0.2823,-1.5194,-0.6177,-0.0246999999999999
698523,1544091,2023-05-30,ALGA28,ALGAR TELECOM S/A,2026-02-15,0.9,di_spread,1.9041,1.6094,1.779,"0,09","1,69","1,86","10210,148138","98,34","484,31",10,1900-01-01,0.2946999999999999,-1.4843,-0.6053000000000001,-0.0227000000000001
699294,1545639,2023-05-31,ALGA28,ALGAR TELECOM S/A,2026-02-15,0.9,di_spread,1.9161,1.5923,1.7477,"0,08","1,66","1,83","10222,111842","98,41","483,25",5,1900-01-01,0.3237999999999998,-1.4239000000000002,-0.5762000000000002,-0.0312999999999998
700071,1547193,2023-06-01,ALGA28,ALGAR TELECOM S/A,2026-02-15,0.9,di_spread,1.9321,1.5776,1.7471,"0,08","1,66","1,83","10228,093458","98,41","482,33",0,1900-01-01,0.3545,-1.3926,-0.5455,-0.0005999999999999
700848,1548747,2023-06-02,ALGA28,ALGAR TELECOM S/A,2026-02-15,0.9,di_spread,1.9247,1.5972,1.7538,"0,09","1,66","1,84","10232,723379","98,4","481,27",0,1900-01-01,0.3275000000000001,-1.4263,-0.5724999999999999,0.0066999999999999
701625,1550301,2023-06-05,ALGA28,ALGAR TELECOM S/A,2026-02-15,0.9,di_spread,1.9202,1.5847,1.7434,"0,1","1,64","1,84","10240,446838","98,42","480,8",0,1900-01-01,0.3354999999999999,-1.4079000000000002,-0.5645000000000001,-0.0103999999999999
702402,1551855,2023-06-06,ALGA28,ALGAR TELECOM S/A,2026-02-15,0.9,di_spread,1.8754,1.5551,1.7356,"0,07","1,66","1,81","10247,78716","98,44","479,99",35,1900-01-01,0.3203,-1.4153,-0.5797,-0.0078
703179,1554186,2023-06-07,ALGA28,ALGAR TELECOM S/A,2026-02-15,0.9,di_spread,1.8739,1.5526,1.7189,"0,08","1,64","1,79","10256,920476","98,47","478,92",10,1900-01-01,0.3212999999999999,-1.3976000000000002,-0.5787000000000001,-0.0166999999999999
703956,1555740,2023-06-09,ALGA28,ALGAR TELECOM S/A,2026-02-15,0.9,di_spread,1.8781,1.5748,1.7237,"0,08","1,65","1,8","10261,719041","98,47","478,48",5,1900-01-01,0.3033000000000001,-1.4204,-0.5966999999999999,0.0047999999999999
704733,1559625,2023-06-12,ALGA28,ALGAR TELECOM S/A,2026-02-15,0.9,di_spread,1.8651,1.5331,1.7147,"0,04","1,68","1,75","10269,319943","98,49","477,58",0,1900-01-01,0.3320000000000001,-1.3826999999999998,-0.568,-0.0090000000000001
705510,1561179,2023-06-13,ALGA28,ALGAR TELECOM S/A,2026-02-15,0.9,di_spread,1.8029,1.553,1.7047,"0,1","1,61","1,8","10277,286339","98,51","476,14",0,1900-01-01,0.2499,-1.4548,-0.6501,-0.0099999999999997
706287,1562730,2023-06-14,ALGA28,ALGAR TELECOM S/A,2026-02-15,0.9,di_spread,1.8406,1.5282,1.6861,"0,07","1,61","1,76","10286,709769","98,55","475,27",0,1900-01-01,0.3124,-1.3737,-0.5876,-0.0186000000000001
707059,1564273,2023-06-15,ALGA28,ALGAR TELECOM S/A,2026-02-15,0.9,di_spread,1.7898,1.3636,1.6839,"0,05","1,64","1,73","10292,999753","98,55","474,39",0,1900-01-01,0.4262000000000001,-1.2576999999999998,-0.4737999999999999,-0.0021999999999999
707830,1565815,2023-06-16,ALGA28,ALGAR TELECOM S/A,2026-02-15,0.9,di_spread,1.8115,1.5279,1.6784,"0,09","1,59","1,76","10299,990858","98,57","473,28",0,1900-01-01,0.2836000000000001,-1.3947999999999998,-0.6164,-0.0055
708601,1567357,2023-06-19,ALGA28,ALGAR TELECOM S/A,2026-02-15,0.9,di_spread,1.8241,1.527,1.673,"0,08","1,6","1,75","10306,938284","98,58","472,26",0,1900-01-01,0.2971000000000001,-1.3759,-0.6028999999999999,-0.0053999999999998
709372,1568899,2023-06-20,ALGA28,ALGAR TELECOM S/A,2026-02-15,0.9,di_spread,1.798,1.5412,1.6619,"0,07","1,59","1,73","10314,912619","98,6","471,42",0,1900-01-01,0.2568000000000001,-1.4050999999999998,-0.6431999999999999,-0.0111000000000001
710142,1571976,2023-06-21,ALGA28,ALGAR TELECOM S/A,2026-02-15,0.9,di_spread,1.7708,1.506,1.6664,"0,08","1,59","1,74","10319,999014","98,6","470,34",0,1900-01-01,0.2647999999999999,-1.4016000000000002,-0.6352000000000001,0.0045000000000001
710911,1573514,2023-06-22,ALGA28,ALGAR TELECOM S/A,2026-02-15,0.9,di_spread,1.8077,1.5081,1.6646,"0,09","1,58","1,75","10326,311849","98,6","469,16",0,1900-01-01,0.2996000000000001,-1.365,-0.6003999999999999,-0.0018
711680,1575052,2023-06-23,ALGA28,ALGAR TELECOM S/A,2026-02-15,0.9,di_spread,1.833,1.5094,1.6709,"0,04","1,63","1,71","10330,944087","98,59","468,47",0,1900-01-01,0.3235999999999999,-1.3473000000000002,-0.5764000000000001,0.0062999999999999
712449,1576590,2023-06-26,ALGA28,ALGAR TELECOM S/A,2026-02-15,0.9,di_spread,1.7835,1.5,1.6634,"0,06","1,6","1,73","10338,252686","98,61","467,59",0,1900-01-01,0.2835000000000001,-1.3799,-0.6164999999999999,-0.0075
713218,1578144,2023-06-27,ALGA28,ALGAR TELECOM S/A,2026-02-15,0.9,di_spread,1.7894,1.4962,1.6518,"0,09","1,56","1,74","10346,352093","98,63","466,65",0,1900-01-01,0.2932000000000001,-1.3585999999999998,-0.6067999999999999,-0.0116
714003,1579713,2023-06-28,ALGA28,ALGAR TELECOM S/A,2026-02-15,0.9,di_spread,1.7669,1.4669,1.6337,"0,09","1,54","1,73","10355,706281","98,67","465,61",0,1900-01-01,0.2999999999999998,-1.3337,-0.6000000000000002,-0.0181
714787,1581281,2023-06-29,ALGA28,ALGAR TELECOM S/A,2026-02-15,0.9,di_spread,1.7525,1.4479,1.6195,"0,1","1,52","1,72","10364,23037","98,7","464,88",0,1900-01-01,0.3046,-1.3149,-0.5954,-0.0141999999999999
715571,1582849,2023-06-30,ALGA28,ALGAR TELECOM S/A,2026-02-15,0.9,di_spread,1.7521,1.4288,1.6129,"0,11","1,5","1,72","10371,289796","98,71","464,25",0,1900-01-01,0.3232999999999999,-1.2896,-0.5767000000000001,-0.0065999999999999
716355,1584417,2023-07-03,ALGA28,ALGAR TELECOM S/A,2026-02-15,0.9,di_spread,1.7257,1.3677,1.5858,"0,11","1,48","1,69","10382,201894","98,76","463,66",0,1900-01-01,0.3580000000000001,-1.2278,-0.5419999999999999,-0.0270999999999999
717139,1585985,2023-07-04,ALGA28,ALGAR TELECOM S/A,2026-02-15,0.9,di_spread,1.6921,1.4228,1.5683,"0,11","1,46","1,68","10391,462501","98,79","462,49",0,1900-01-01,0.2692999999999999,-1.2990000000000002,-0.6307000000000001,-0.0175
717923,1587550,2023-07-05,ALGA28,ALGAR TELECOM S/A,2026-02-15,0.9,di_spread,1.7384,1.4434,1.5641,"0,14","1,43","1,7","10398,225218","98,81","461,29",0,1900-01-01,0.2949999999999999,-1.2691,-0.6050000000000001,-0.0041999999999999
718704,1589112,2023-07-06,ALGA28,ALGAR TELECOM S/A,2026-02-15,0.9,di_spread,1.7119,1.3991,1.5656,"0,14","1,43","1,7","10403,923609","98,81","460,08",0,1900-01-01,0.3127999999999999,-1.2528,-0.5872,0.0015
719485,1590673,2023-07-07,ALGA28,ALGAR TELECOM S/A,2026-02-15,0.9,di_spread,1.7125,1.3973,1.56,"0,14","1,42","1,7","10410,793742","98,82","459,46",0,1900-01-01,0.3151999999999999,-1.2448,-0.5848000000000001,-0.0056
720265,1592233,2023-07-10,ALGA28,ALGAR TELECOM S/A,2026-02-15,0.9,di_spread,1.6797,1.3568,1.5363,"0,11","1,43","1,64","10421,199849","98,86","458,28",0,1900-01-01,0.3228999999999999,-1.2134,-0.5771000000000001,-0.0237
721045,1593793,2023-07-11,ALGA28,ALGAR TELECOM S/A,2026-02-15,0.9,di_spread,1.6471,1.3464,1.5165,"0,08","1,44","1,6","10430,833019","98,9","457,24",0,1900-01-01,0.3006999999999999,-1.2158,-0.5993,-0.0198
721825,1595352,2023-07-12,ALGA28,ALGAR TELECOM S/A,2026-02-15,0.9,di_spread,1.6693,1.3555,1.5031,"0,08","1,42","1,59","10439,258493","98,93","456,22",0,1900-01-01,0.3138000000000001,-1.1893,-0.5861999999999999,-0.0133999999999998
722604,1596909,2023-07-13,ALGA28,ALGAR TELECOM S/A,2026-02-15,0.9,di_spread,1.6876,1.3202,1.4983,"0,07","1,43","1,56","10446,122174","98,94","455,01",0,1900-01-01,0.3673999999999999,-1.1309,-0.5326000000000001,-0.0048000000000001
723382,1598465,2023-07-14,ALGA28,ALGAR TELECOM S/A,2026-02-15,0.9,di_spread,1.6895,1.341,1.5112,"0,06","1,45","1,57","10449,697419","98,92","453,81",0,1900-01-01,0.3485,-1.1627,-0.5515,0.0129000000000001
724158,1599241,2023-07-17,ALGA28,ALGAR TELECOM S/A,2026-02-15,0.9,di_spread,1.7025,1.3629,1.508,"0,1","1,41","1,61","10456,160001","98,92","453,05",0,1900-01-01,0.3395999999999999,-1.1684,-0.5604000000000001,-0.0032
724933,1600791,2023-07-18,ALGA28,ALGAR TELECOM S/A,2026-02-15,0.9,di_spread,1.654,1.3415,1.5031,"0,08","1,42","1,58","10462,948925","98,94","452,26",0,1900-01-01,0.3125,-1.1906,-0.5875,-0.0048999999999999
725708,1602341,2023-07-19,ALGA28,ALGAR TELECOM S/A,2026-02-15,0.9,di_spread,1.6478,1.335,1.4872,"0,08","1,41","1,57","10471,86124","98,97","451,11",0,1900-01-01,0.3127999999999999,-1.1744,-0.5872,-0.0159
726483,1603891,2023-07-20,ALGA28,ALGAR TELECOM S/A,2026-02-15,0.9,di_spread,1.6551,1.3362,1.4863,"0,08","1,41","1,56","10478,006516","98,97","449,92",0,1900-01-01,0.3188999999999999,-1.1674,-0.5811000000000001,-0.0009000000000001
727258,1605441,2023-07-21,ALGA28,ALGAR TELECOM S/A,2026-02-15,0.9,di_spread,1.6468,1.3232,1.4873,"0,12","1,37","1,61","10483,682811","98,97","449,23",0,1900-01-01,0.3236000000000001,-1.1637,-0.5763999999999999,0.0010000000000001
728032,1606989,2023-07-24,ALGA28,ALGAR TELECOM S/A,2026-02-15,0.9,di_spread,1.6486,1.3251,1.4886,"0,12","1,37","1,61","10489,387043","98,97","448,21",0,1900-01-01,0.3235000000000001,-1.1650999999999998,-0.5764999999999999,0.0012999999999998
728806,1608537,2023-07-25,ALGA28,ALGAR TELECOM S/A,2026-02-15,0.9,di_spread,1.6469,1.3233,1.488,"0,12","1,37","1,61","10495,379818","98,97","447,46",0,1900-01-01,0.3236000000000001,-1.1644,-0.5763999999999999,-0.0005999999999999
729580,1610104,2023-07-26,ALGA28,ALGAR TELECOM S/A,2026-02-15,0.9,di_spread,1.6437,1.3181,1.4827,"0,08","1,4","1,56","10502,264924","98,98","446,6",0,1900-01-01,0.3255999999999999,-1.1571,-0.5744000000000001,-0.0053
730371,1611684,2023-07-27,ALGA28,ALGAR TELECOM S/A,2026-02-15,0.9,di_spread,1.6423,1.319,1.4791,"0,08","1,4","1,56","10508,896567","98,99","445,5",0,1900-01-01,0.3233000000000001,-1.1558,-0.5766999999999999,-0.0035999999999998
731160,1613262,2023-07-28,ALGA28,ALGAR TELECOM S/A,2026-02-15,0.9,di_spread,1.6247,1.3324,1.4781,"0,12","1,36","1,6","10515,058684",99,"444,38",0,1900-01-01,0.2923,-1.1858,-0.6077,-0.0010000000000001
731949,1614840,2023-07-31,ALGA28,ALGAR TELECOM S/A,2026-02-15,0.9,di_spread,1.625,1.3355,1.478,"0,13","1,34","1,61","10521,002066",99,"443,49",0,1900-01-01,0.2895000000000001,-1.1885,-0.6104999999999999,-9.9999999999989e-05
732738,1616418,2023-08-01,ALGA28,ALGAR TELECOM S/A,2026-02-15,0.9,di_spread,1.6106,1.3078,1.4704,"0,09","1,38","1,56","10528,377964","99,01","442,35",0,1900-01-01,0.3027999999999999,-1.1676,-0.5972000000000001,-0.0076
733527,1617996,2023-08-02,ALGA28,ALGAR TELECOM S/A,2026-02-15,0.9,di_spread,1.6027,1.2806,1.458,"0,07","1,38","1,53","10536,613614","99,04","441,27",0,1900-01-01,0.3221,-1.1359,-0.5779,-0.0123999999999999
734316,1619574,2023-08-03,ALGA28,ALGAR TELECOM S/A,2026-02-15,0.9,di_spread,1.6,1.284,1.4462,"0,08","1,36","1,53","10544,586667","99,06","440,85",0,1900-01-01,0.316,-1.1302,-0.584,-0.0118
735105,1621152,2023-08-04,ALGA28,ALGAR TELECOM S/A,2026-02-15,0.9,di_spread,1.6012,1.2871,1.4423,"0,09","1,36","1,53","10551,076613","99,07","439,81",0,1900-01-01,0.3141,-1.1282,-0.5859,-0.0039
735894,1622730,2023-08-07,ALGA28,ALGAR TELECOM S/A,2026-02-15,0.9,di_spread,1.5705,1.267,1.4334,"0,09","1,34","1,53","10558,502088","99,09","438,65",0,1900-01-01,0.3035000000000001,-1.1299,-0.5964999999999999,-0.0088999999999999
736683,1624308,2023-08-08,ALGA28,ALGAR TELECOM S/A,2026-02-15,0.9,di_spread,1.588,1.2611,1.4303,"0,09","1,34","1,52","10564,782715","99,09","437,9",0,1900-01-01,0.3268999999999999,-1.1034,-0.5731,-0.0031000000000001
737472,1625886,2023-08-09,ALGA28,ALGAR TELECOM S/A,2026-02-15,0.9,di_spread,1.5475,1.2792,1.4632,"0,12","1,34","1,59","10564,623679","99,04","436,82",0,1900-01-01,0.2683000000000002,-1.1949,-0.6316999999999998,0.0329000000000001
738261,1627464,2023-08-10,ALGA28,ALGAR TELECOM S/A,2026-02-15,0.9,di_spread,1.5317,1.2671,1.4473,"0,15","1,3","1,6","10573,256108","99,07","435,95",35,1900-01-01,0.2646000000000001,-1.1827,-0.6353999999999999,-0.0159
739050,1631908,2023-08-11,ALGA28,ALGAR TELECOM S/A,2026-02-15,0.9,di_spread,1.547,1.2677,1.4171,"0,1","1,32","1,51","10584,457355","99,12","435,11",10,1900-01-01,0.2792999999999999,-1.1378,-0.6207000000000001,-0.0302
739839,1633486,2023-08-14,ALGA28,ALGAR TELECOM S/A,2026-02-15,0.9,di_spread,1.5108,1.2582,1.3774,"0,07","1,31","1,44","10597,45873","99,19","433,79",5,1900-01-01,0.2525999999999999,-1.1248,-0.6474000000000001,-0.0397
740628,1635063,2023-08-15,ALGA28,ALGAR TELECOM S/A,2026-02-15,0.9,di_spread,1.524,1.2393,1.372,"0,1","1,27","1,47","9914,623078","99,15","462,76",0,1900-01-01,0.2846999999999999,-1.0873000000000002,-0.6153000000000001,-0.0053999999999998
741416,1636639,2023-08-16,ALGA28,ALGAR TELECOM S/A,2026-02-15,0.9,di_spread,1.4759,1.2102,1.3468,"0,08","1,27","1,43","9924,549753","99,19","461,73",0,1900-01-01,0.2657,-1.0811,-0.6343,-0.0252000000000001
742204,1638215,2023-08-17,ALGA28,ALGAR TELECOM S/A,2026-02-15,0.9,di_spread,1.3956,1.2069,1.318,"0,09","1,23","1,41","9935,12757","99,25","460,62",0,1900-01-01,0.1886999999999998,-1.1293000000000002,-0.7113000000000002,-0.0287999999999999
742992,1639791,2023-08-18,ALGA28,ALGAR TELECOM S/A,2026-02-15,0.9,di_spread,1.407,1.1911,1.3065,"0,09","1,22","1,39","9942,569249","99,27","459,67",0,1900-01-01,0.2158999999999999,-1.0906,-0.6841,-0.0115
743780,1641367,2023-08-21,ALGA28,ALGAR TELECOM S/A,2026-02-15,0.9,di_spread,1.4147,1.1496,1.2811,"0,08","1,2","1,36","9952,533671","99,32","458,45",0,1900-01-01,0.2651000000000001,-1.0159999999999998,-0.6348999999999999,-0.0254
744568,1643003,2023-08-22,ALGA28,ALGAR TELECOM S/A,2026-02-15,0.9,di_spread,1.3688,1.1679,1.2808,"0,06","1,22","1,34","9957,944357","99,32","457,63",35,1900-01-01,0.2009,-1.0799,-0.6990999999999999,-0.0002999999999999
745356,1645963,2023-08-23,ALGA28,ALGAR TELECOM S/A,2026-02-15,0.9,di_spread,1.3792,1.1801,1.2884,"0,07","1,22","1,36","9961,938621","99,31","456,87",10,1900-01-01,0.1991,-1.0893,-0.7009,0.0076
746144,1647539,2023-08-24,ALGA28,ALGAR TELECOM S/A,2026-02-15,0.9,di_spread,1.3684,1.164,1.2763,"0,05","1,23","1,33","9969,467218","99,33",456,5,1900-01-01,0.2044000000000001,-1.0719,-0.6955999999999999,-0.0121
746932,1649115,2023-08-25,ALGA28,ALGAR TELECOM S/A,2026-02-15,0.9,di_spread,1.3553,1.1173,1.2485,"0,07","1,18","1,31","9979,850224","99,38","454,68",0,1900-01-01,0.238,-1.0105,-0.662,-0.0278
747720,1650710,2023-08-28,ALGA28,ALGAR TELECOM S/A,2026-02-15,0.9,di_spread,1.3652,1.0723,1.2381,"0,09","1,15","1,32","9987,091184","99,4","453,63",0,1900-01-01,0.2928999999999999,-0.9452,-0.6071000000000001,-0.0103999999999999
748527,1652324,2023-08-29,ALGA28,ALGAR TELECOM S/A,2026-02-15,0.9,di_spread,1.3668,1.0386,1.2235,"0,11","1,11","1,33","9995,046723","99,43","452,79",0,1900-01-01,0.3282,-0.8953,-0.5718,-0.0145999999999999
749334,1653938,2023-08-30,ALGA28,ALGAR TELECOM S/A,2026-02-15,0.9,di_spread,1.3534,1.0361,1.2178,"0,09","1,13","1,31","10001,432801","99,44","451,85",0,1900-01-01,0.3172999999999999,-0.9005000000000001,-0.5827000000000001,-0.0057
750141,1655551,2023-08-31,ALGA28,ALGAR TELECOM S/A,2026-02-15,0.9,di_spread,1.3703,1.0324,1.2303,"0,09","1,14","1,32","10004,645124","99,42","450,55",0,1900-01-01,0.3379000000000001,-0.8923999999999999,-0.5620999999999999,0.0124999999999999
750947,1657163,2023-09-01,ALGA28,ALGAR TELECOM S/A,2026-02-15,0.9,di_spread,1.3682,1.0523,1.2275,"0,11","1,11","1,34","10010,550408","99,42","449,4",0,1900-01-01,0.3159,-0.9116,-0.5841,-0.0027999999999999
751753,1658775,2023-09-04,ALGA28,ALGAR TELECOM S/A,2026-02-15,0.9,di_spread,1.3481,1.0457,1.2216,"0,07","1,15","1,29","10016,991274","99,44","448,34",0,1900-01-01,0.3024,-0.9192,-0.5976,-0.0059
752559,1660387,2023-09-05,ALGA28,ALGAR TELECOM S/A,2026-02-15,0.9,di_spread,1.3377,1.045,1.2092,"0,11","1,09","1,32","10024,584802","99,46","447,2",0,1900-01-01,0.2926999999999999,-0.9165,-0.6073000000000001,-0.0123999999999999
753365,1662805,2023-09-06,ALGA28,ALGAR TELECOM S/A,2026-02-15,0.9,di_spread,1.361,1.0332,1.2088,"0,07","1,14","1,28","10030,038535","99,46","446,29",0,1900-01-01,0.3278000000000001,-0.881,-0.5721999999999999,-0.0003999999999999
754171,1664417,2023-09-08,ALGA28,ALGAR TELECOM S/A,2026-02-15,0.9,di_spread,1.3365,1.0517,1.2114,"0,11","1,1","1,32","10034,962699","99,46","445,42",0,1900-01-01,0.2847999999999999,-0.9266,-0.6152000000000001,0.0025999999999999
754977,1666028,2023-09-11,ALGA28,ALGAR TELECOM S/A,2026-02-15,0.9,di_spread,1.3421,1.0496,1.2106,"0,11","1,1","1,32","10040,488389","99,46","444,55",0,1900-01-01,0.2925,-0.9181,-0.6075,-0.0008000000000001
755782,1667638,2023-09-12,ALGA28,ALGAR TELECOM S/A,2026-02-15,0.9,di_spread,1.2962,1.0334,1.1881,"0,11","1,07","1,3","10049,801436","99,5","443,76",0,1900-01-01,0.2627999999999999,-0.9253,-0.6372000000000001,-0.0224999999999999
756586,1669246,2023-09-13,ALGA28,ALGAR TELECOM S/A,2026-02-15,0.9,di_spread,1.3725,1.0116,1.217,"0,06","1,16","1,28","10050,14675","99,45","442,82",0,1900-01-01,0.3609,-0.8561000000000001,-0.5391,0.0289000000000001
757390,1670854,2023-09-14,ALGA28,ALGAR TELECOM S/A,2026-02-15,0.9,di_spread,1.3605,1.0307,1.2072,"0,09","1,12","1,3","10057,27494","99,47","441,75",0,1900-01-01,0.3298000000000001,-0.8774,-0.5701999999999999,-0.0098
758193,1672460,2023-09-15,ALGA28,ALGAR TELECOM S/A,2026-02-15,0.9,di_spread,1.3647,1.0167,1.2084,"0,09","1,12","1,3","10062,491108","99,47","440,63",0,1900-01-01,0.3480000000000001,-0.8603999999999998,-0.5519999999999999,0.0011999999999998
758996,1674066,2023-09-18,ALGA28,ALGAR TELECOM S/A,2026-02-15,0.9,di_spread,1.3664,1.0151,1.2109,"0,09","1,12","1,3","10067,476815","99,46","439,58",0,1900-01-01,0.3513000000000001,-0.8595999999999999,-0.5486999999999999,0.0025000000000001
759799,1675672,2023-09-19,ALGA28,ALGAR TELECOM S/A,2026-02-18,0.9,di_spread,1.3314,1.0055,1.1755,"0,1","1,08","1,28","10079,050865","99,53","438,42",0,1900-01-01,0.3258999999999998,-0.8496000000000001,-0.5741000000000002,-0.0354000000000001
760602,1677278,2023-09-20,ALGA28,ALGAR TELECOM S/A,2026-02-15,0.9,di_spread,1.3187,0.9979,1.1557,"0,11","1,05","1,26","10087,886223","99,56","437,46",0,1900-01-01,0.3208,-0.8349,-0.5792,-0.0198
761405,1678884,2023-09-21,ALGA28,ALGAR TELECOM S/A,2026-02-18,0.9,di_spread,1.2928,0.9743,1.1409,"0,11","1,04","1,25","10095,86964","99,59","436,28",0,1900-01-01,0.3184999999999999,-0.8224000000000001,-0.5815000000000001,-0.0147999999999999
762208,1680490,2023-09-22,ALGA28,ALGAR TELECOM S/A,2026-02-15,0.9,di_spread,1.3096,0.9723,1.1434,"0,11","1,03","1,26","10100,663717","99,58","435,3",0,1900-01-01,0.3373,-0.8060999999999999,-0.5627,0.0024999999999999
763012,1682117,2023-09-25,ALGA28,ALGAR TELECOM S/A,2026-02-15,0.9,di_spread,1.3182,0.9886,1.1453,"0,09","1,06","1,23","10105,582904","99,58","434,15",0,1900-01-01,0.3296,-0.8157,-0.5704,0.0019
763835,1683763,2023-09-26,ALGA28,ALGAR TELECOM S/A,2026-02-15,0.9,di_spread,1.3158,0.9943,1.1501,"0,1","1,05","1,25","10110,024163","99,58","432,83",0,1900-01-01,0.3215000000000001,-0.8285999999999998,-0.5784999999999999,0.0047999999999999
764658,1685407,2023-09-27,ALGA28,ALGAR TELECOM S/A,2026-02-15,0.9,di_spread,1.3035,0.9931,1.1429,"0,12","1,03","1,26","10116,546849","99,59","431,32",0,1900-01-01,0.3104000000000001,-0.8324999999999999,-0.5895999999999999,-0.0071999999999998
765479,1687048,2023-09-28,ALGA28,ALGAR TELECOM S/A,2026-02-15,0.9,di_spread,1.3035,0.9941,1.1392,"0,08","1,06","1,22","10122,433117","99,6","430,17",0,1900-01-01,0.3094000000000001,-0.8297999999999999,-0.5905999999999999,-0.0037
766299,1688688,2023-09-29,ALGA28,ALGAR TELECOM S/A,2026-02-15,0.9,di_spread,1.301,1.0261,1.1463,"0,06","1,08","1,21","10126,428346","99,59","429,52",0,1900-01-01,0.2748999999999999,-0.8714000000000002,-0.6251000000000001,0.0071000000000001
767119,1690328,2023-10-02,ALGA28,ALGAR TELECOM S/A,2026-02-15,0.9,di_spread,1.3121,1.0401,1.1944,"0,06","1,14","1,25","10123,538621","99,51","428,03",0,1900-01-01,0.272,-0.9224,-0.628,0.0480999999999998
767939,1691967,2023-10-03,ALGA28,ALGAR TELECOM S/A,2026-02-15,0.9,di_spread,1.3144,1.0537,1.1888,"0,04","1,15","1,23","10129,790856","99,52","426,7",0,1900-01-01,0.2606999999999999,-0.9281,-0.6393000000000001,-0.0055999999999998
768758,1693605,2023-10-04,ALGA28,ALGAR TELECOM S/A,2026-02-15,0.9,di_spread,1.3549,1.0569,1.2114,"0,05","1,16","1,26","10131,190163","99,48","426,02",0,1900-01-01,0.298,-0.9134,-0.602,0.0225999999999999
769577,1695243,2023-10-05,ALGA28,ALGAR TELECOM S/A,2026-02-15,0.9,di_spread,1.3624,1.0515,1.2197,"0,06","1,16","1,28","10135,063363","99,47","425,01",0,1900-01-01,0.3108999999999999,-0.9088,-0.5891000000000001,0.0082999999999999
770396,1696881,2023-10-06,ALGA28,ALGAR TELECOM S/A,2026-02-15,0.9,di_spread,1.3937,1.087,1.2352,"0,06","1,18","1,29","10137,727033","99,44","424,02",0,1900-01-01,0.3067,-0.9285,-0.5933,0.0155
771215,1698519,2023-10-09,ALGA28,ALGAR TELECOM S/A,2026-02-15,0.9,di_spread,1.4082,1.1275,1.278,"0,07","1,21","1,35","10135,778868","99,37","423,26",0,1900-01-01,0.2806999999999999,-0.9973,-0.6193000000000001,0.0427999999999999
772034,1700157,2023-10-10,ALGA28,ALGAR TELECOM S/A,2026-02-15,0.9,di_spread,1.4007,1.1289,1.2771,"0,07","1,21","1,34","10141,20557","99,38","422,44",0,1900-01-01,0.2718,-1.0053,-0.6282,-0.0009000000000001
772853,1702614,2023-10-11,ALGA28,ALGAR TELECOM S/A,2026-02-15,0.9,di_spread,1.4039,1.1037,1.2735,"0,03","1,24","1,31","10147,15705","99,38","421,16",0,1900-01-01,0.3002,-0.9733,-0.5998,-0.0035999999999998
773672,1704252,2023-10-13,ALGA28,ALGAR TELECOM S/A,2026-02-15,0.9,di_spread,1.3899,1.104,1.2636,"0,02","1,24","1,29","10154,159698","99,4","419,89",0,1900-01-01,0.2858999999999998,-0.9777000000000002,-0.6141000000000002,-0.0099
774491,1705888,2023-10-16,ALGA28,ALGAR TELECOM S/A,2026-02-15,0.9,di_spread,1.3626,1.1071,1.2296,"0,05","1,18","1,28","10165,116904","99,46","419,09",0,1900-01-01,0.2555,-0.9741,-0.6445,-0.034
775308,1707522,2023-10-17,ALGA28,ALGAR TELECOM S/A,2026-02-15,0.9,di_spread,1.3363,1.1056,1.2042,"0,05","1,15","1,26","10174,689162","99,5","417,81",0,1900-01-01,0.2307000000000001,-0.9734999999999998,-0.6692999999999999,-0.0254
776125,1709155,2023-10-18,ALGA28,ALGAR TELECOM S/A,2026-02-15,0.9,di_spread,1.3468,1.1032,1.2203,"0,06","1,16","1,28","10177,316808","99,48","416,7",0,1900-01-01,0.2436,-0.9767,-0.6564,0.0161
776941,1710787,2023-10-19,ALGA28,ALGAR TELECOM S/A,2026-02-15,0.9,di_spread,1.3246,1.1011,1.1971,"0,05","1,14","1,25","10186,50028","99,52","415,47",0,1900-01-01,0.2235,-0.9736,-0.6765,-0.0231999999999998
777757,1712419,2023-10-20,ALGA28,ALGAR TELECOM S/A,2026-02-15,0.9,di_spread,1.3201,1.1078,1.1758,"0,07","1,1","1,25","10195,292923","99,55","414,8",0,1900-01-01,0.2123000000000001,-0.9634999999999998,-0.6876999999999999,-0.0213
778573,1714051,2023-10-23,ALGA28,ALGAR TELECOM S/A,2026-02-15,0.9,di_spread,1.2945,1.0931,1.1707,"0,08","1,09","1,25","10201,433772","99,56","413,77",0,1900-01-01,0.2014,-0.9693,-0.6986,-0.0050999999999998
779389,1715681,2023-10-24,ALGA28,ALGAR TELECOM S/A,2026-02-15,0.9,di_spread,1.2672,1.089,1.1508,"0,05","1,1","1,2","10209,996159","99,59","413,01",0,1900-01-01,0.1782000000000001,-0.9726,-0.7217999999999999,-0.0199
780206,1718180,2023-10-25,ALGA28,ALGAR TELECOM S/A,2026-02-15,0.9,di_spread,1.2336,1.056,1.1306,"0,04","1,1","1,17","10218,622668","99,63","412,03",0,1900-01-01,0.1775999999999999,-0.953,-0.7224,-0.0201999999999999
781047,1719862,2023-10-26,ALGA28,ALGAR TELECOM S/A,2026-02-15,0.9,di_spread,1.2579,1.0483,1.125,"0,07","1,06","1,19","10224,804104","99,64","411,36",0,1900-01-01,0.2096,-0.9154,-0.6904,-0.0056
781888,1720703,2023-10-27,ALGA28,ALGAR TELECOM S/A,2026-02-15,0.9,di_spread,1.2816,1.0444,1.1363,"0,03","1,1","1,17","10228,268971","99,62","409,96",0,1900-01-01,0.2372,-0.8991,-0.6628,0.0113
782729,1722384,2023-10-30,ALGA28,ALGAR TELECOM S/A,2026-02-15,0.9,di_spread,1.3002,1.0488,1.1341,"0,03","1,11","1,16","10233,96057","99,62","408,58",0,1900-01-01,0.2514,-0.8827,-0.6486,-0.0021999999999999
783569,1724063,2023-10-31,ALGA28,ALGAR TELECOM S/A,2026-02-15,0.9,di_spread,1.2451,1.0463,1.1279,"0,08","1,05","1,21","10240,266203","99,64","407,65",0,1900-01-01,0.1988000000000001,-0.9290999999999998,-0.7011999999999999,-0.0062000000000002
784408,1726580,2023-11-01,ALGA28,ALGAR TELECOM S/A,2026-02-15,0.9,di_spread,1.2508,1.0483,1.1278,"0,08","1,05","1,21","10245,552926","99,64","406,95",0,1900-01-01,0.2024999999999999,-0.9253,-0.6975000000000001,-9.9999999999989e-05
785246,1728256,2023-11-03,ALGA28,ALGAR TELECOM S/A,2026-02-15,0.9,di_spread,1.2628,1.0477,1.1341,"0,07","1,06","1,21","10249,795137","99,63","406,25",0,1900-01-01,0.2150999999999998,-0.9190000000000004,-0.6849000000000002,0.0063000000000001
786084,1729932,2023-11-06,ALGA28,ALGAR TELECOM S/A,2026-02-15,0.9,di_spread,1.2519,1.0488,1.1237,"0,05","1,07","1,18","10256,626341","99,64","405,14",0,1900-01-01,0.2031,-0.9206,-0.6969,-0.0104000000000001
786922,1731608,2023-11-07,ALGA28,ALGAR TELECOM S/A,2026-02-15,0.9,di_spread,1.2498,1.0416,1.113,"0,03","1,08","1,14","10263,478444","99,66","404,3",0,1900-01-01,0.2081999999999999,-0.9048,-0.6918000000000001,-0.0106999999999999
787760,1733284,2023-11-08,ALGA28,ALGAR TELECOM S/A,2026-02-15,0.9,di_spread,1.2628,1.0407,1.1297,"0,08","1,05","1,21","10265,884367","99,64","403,31",0,1900-01-01,0.2220999999999999,-0.9076,-0.6779000000000001,0.0166999999999999
788598,1734960,2023-11-09,ALGA28,ALGAR TELECOM S/A,2026-02-15,0.9,di_spread,1.2378,1.0084,1.1056,"0,06","1,05","1,16","10274,92663","99,68","402,3",0,1900-01-01,0.2294,-0.8761999999999999,-0.6706,-0.0241
789411,1736611,2023-11-10,ALGA28,ALGAR TELECOM S/A,2026-02-15,0.9,di_spread,1.2329,1.001,1.1043,"0,08","1,03","1,18","10280,249512","99,68",401,0,1900-01-01,0.2319000000000002,-0.8723999999999998,-0.6680999999999998,-0.0012999999999998
790248,1737448,2023-11-13,ALGA28,ALGAR TELECOM S/A,2026-02-15,0.9,di_spread,1.2145,0.9798,1.0885,"0,05","1,04","1,13","10287,931751","99,7",400,0,1900-01-01,0.2346999999999999,-0.8538000000000001,-0.6653000000000001,-0.0158
791086,1738286,2023-11-14,ALGA28,ALGAR TELECOM S/A,2026-02-15,0.9,di_spread,1.24,0.9998,1.1029,"0,09","1,01","1,2","10290,701591","99,68",400,0,1900-01-01,0.2401999999999999,-0.8627,-0.6598,0.0143999999999999
791925,1739125,2023-11-16,ALGA28,ALGAR TELECOM S/A,2026-02-15,0.9,di_spread,1.1708,1.001,1.0898,"0,04","1,05","1,13","10297,938086","99,7",399,0,1900-01-01,0.1698000000000001,-0.92,-0.7301999999999998,-0.0130999999999998
792761,1740798,2023-11-17,ALGA28,ALGAR TELECOM S/A,2026-02-15,0.9,di_spread,1.2445,0.9531,1.0555,"0,11","0,94","1,17","10308,58085","99,76",398,0,1900-01-01,0.2914,-0.7641000000000001,-0.6086,-0.0343
793721,1741758,2023-11-20,ALGA28,ALGAR TELECOM S/A,2026-02-15,0.9,di_spread,1.2075,0.9534,1.0452,"0,11","0,93","1,16","10315,36601","99,77",397,0,1900-01-01,0.2541,-0.7910999999999999,-0.6459,-0.0103000000000001
794435,1742472,2023-11-21,ALGA28,ALGAR TELECOM S/A,2026-02-15,0.9,di_spread,1.1135,0.8846,0.9998,"0,1","0,9","1,1","10327,786766","99,84",396,0,1900-01-01,0.2288999999999998,-0.7709000000000001,-0.6711000000000001,-0.0453999999999998
795272,1743309,2023-11-22,ALGA28,ALGAR TELECOM S/A,2026-02-15,0.9,di_spread,1.1494,0.8637,0.9745,"0,08","0,9","1,05","10336,948282","99,88",395,0,1900-01-01,0.2856999999999999,-0.6888000000000001,-0.6143000000000001,-0.0252999999999999
796109,1744146,2023-11-23,ALGA28,ALGAR TELECOM S/A,2026-02-15,0.9,di_spread,1.1002,0.8561,0.9734,"0,08","0,9","1,05","10342,22751","99,89",394,0,1900-01-01,0.2441000000000001,-0.7293,-0.6558999999999999,-0.0010999999999999
796946,1744983,2023-11-24,ALGA28,ALGAR TELECOM S/A,2026-02-15,0.9,di_spread,1.0895,0.8682,0.9781,"0,05","0,93","1,03","10346,578657","99,88",393,0,1900-01-01,0.2212999999999999,-0.7568,-0.6787000000000001,0.0046999999999999
797783,1745820,2023-11-27,ALGA28,ALGAR TELECOM S/A,2026-02-15,0.9,di_spread,1.0697,0.8512,0.9722,"0,05","0,92","1,02","10352,62574","99,89",392,0,1900-01-01,0.2185000000000001,-0.7536999999999998,-0.6814999999999999,-0.0059
798644,1746681,2023-11-28,ALGA28,ALGAR TELECOM S/A,2026-02-15,0.9,di_spread,1.0603,0.85,0.9588,"0,05","0,91","1,01","10359,870293","99,91",391,0,1900-01-01,0.2103,-0.7484999999999999,-0.6897,-0.0133999999999999
799505,1747542,2023-11-29,ALGA28,ALGAR TELECOM S/A,2026-02-15,0.9,di_spread,1.0571,0.85,0.9561,"0,06","0,9","1,01","10365,406322","99,91",390,0,1900-01-01,0.2070999999999999,-0.749,-0.6929000000000001,-0.0027
800366,1748403,2023-11-30,ALGA28,ALGAR TELECOM S/A,2026-02-15,0.9,di_spread,1.0652,0.85,0.9672,"0,05","0,91","1,02","10368,750597","99,9",389,0,1900-01-01,0.2151999999999999,-0.752,-0.6848000000000001,0.0110999999999999
801229,1749266,2023-12-01,ALGA28,ALGAR TELECOM S/A,2026-02-15,0.9,di_spread,1.0769,0.85,0.9758,"0,03","0,94","1,01","10372,50236","99,88",388,0,1900-01-01,0.2269,-0.7489,-0.6731,0.0086
802091,1750128,2023-12-04,ALGA28,ALGAR TELECOM S/A,2026-02-15,0.9,di_spread,1.0712,0.85,0.9767,"0,05","0,93","1,03","10377,485302","99,88",387,0,1900-01-01,0.2211999999999999,-0.7555000000000001,-0.6788000000000001,0.0009
803262,1751299,2023-12-05,ALGA28,ALGAR TELECOM S/A,2026-02-15,0.9,di_spread,1.0645,0.85,0.9605,"0,04","0,92",1,"10385,164825","99,91",386,0,1900-01-01,0.2145,-0.746,-0.6855,-0.0161999999999999
803811,1751848,2023-12-06,ALGA28,ALGAR TELECOM S/A,2026-02-15,0.9,di_spread,1.0737,0.85,0.9674,"0,05","0,92","1,02","10389,197464","99,9",385,0,1900-01-01,0.2237000000000001,-0.7436999999999999,-0.6762999999999999,0.0069
804665,1752702,2023-12-07,ALGA28,ALGAR TELECOM S/A,2026-02-15,0.9,di_spread,1.0872,0.85,0.976,"0,02","0,95",1,"10392,971772","99,89",384,0,1900-01-01,0.2371999999999999,-0.7388,-0.6628000000000001,0.0085999999999999
805529,1753566,2023-12-08,ALGA28,ALGAR TELECOM S/A,2026-02-15,0.9,di_spread,1.0943,0.85,0.9836,"0,05","0,94","1,03","10396,91621","99,87",383,0,1900-01-01,0.2443,-0.7393,-0.6557,0.0076
806386,1754423,2023-12-11,ALGA28,ALGAR TELECOM S/A,2026-02-15,0.9,di_spread,1.0859,0.85,0.9709,"0,04","0,93","1,01","10404,035076","99,89",382,0,1900-01-01,0.2359000000000001,-0.7349999999999999,-0.6640999999999999,-0.0127
807242,1755279,2023-12-12,ALGA28,ALGAR TELECOM S/A,2026-02-15,0.9,di_spread,1.0538,0.85,0.9498,"0,03","0,92","0,98","10412,459049","99,93",381,0,1900-01-01,0.2038000000000001,-0.7459999999999999,-0.6961999999999999,-0.0211
808099,1756136,2023-12-13,ALGA28,ALGAR TELECOM S/A,2026-02-15,0.9,di_spread,1.067,0.85,0.9533,"0,03","0,92","0,99","10417,039427","99,92",381,0,1900-01-01,0.2169999999999999,-0.7363000000000001,-0.683,0.0035
808957,1756994,2023-12-14,ALGA28,ALGAR TELECOM S/A,2026-02-15,0.9,di_spread,1.0364,0.85,0.941,"0,03","0,91","0,97","10424,08464","99,94",380,0,1900-01-01,0.1864,-0.7545999999999999,-0.7136,-0.0123
809813,1757850,2023-12-15,ALGA28,ALGAR TELECOM S/A,2026-02-15,0.9,di_spread,1.0767,0.8259,0.9502,"0,03","0,92","0,98","10427,602408","99,93",379,0,1900-01-01,0.2508,-0.6994,-0.6492,0.0092
810666,1758703,2023-12-18,ALGA28,ALGAR TELECOM S/A,2026-02-15,0.9,di_spread,1.0388,0.8487,0.9317,"0,05","0,89","0,98","10435,420863","99,95",378,0,1900-01-01,0.1900999999999999,-0.7416,-0.7099000000000001,-0.0185
811520,1759557,2023-12-19,ALGA28,ALGAR TELECOM S/A,2026-02-15,0.9,di_spread,1.0305,0.8179,0.9136,"0,05","0,86","0,96","10443,168864","99,98",377,0,1900-01-01,0.2126,-0.701,-0.6874,-0.0181
812372,1760409,2023-12-20,ALGA28,ALGAR TELECOM S/A,2026-02-15,0.9,di_spread,1.0309,0.8137,0.916,"0,04","0,88","0,95","10447,74304","99,98",376,0,1900-01-01,0.2171999999999999,-0.6988000000000001,-0.6828000000000001,0.0024
813227,1761264,2023-12-21,ALGA28,ALGAR TELECOM S/A,2026-02-15,0.9,di_spread,1.0318,0.8012,0.9124,"0,03","0,88","0,95","10453,245711","99,98",375,0,1900-01-01,0.2306,-0.6818,-0.6694,-0.0036
814108,1762145,2023-12-22,ALGA28,ALGAR TELECOM S/A,2026-02-15,0.9,di_spread,1.0251,0.8,0.909,"0,05","0,86","0,96","10458,717434","99,99",374,0,1900-01-01,0.2250999999999998,-0.6839000000000002,-0.6749000000000002,-0.0033999999999999
814989,1763026,2023-12-26,ALGA28,ALGAR TELECOM S/A,2026-02-15,0.9,di_spread,1.0112,0.8128,0.9,"0,06","0,84","0,96","10465,048264",100,372,0,1900-01-01,0.1984000000000001,-0.7015999999999999,-0.7015999999999999,-0.009
815869,1763906,2023-12-27,ALGA28,ALGAR TELECOM S/A,2026-02-15,0.9,di_spread,1.0201,0.804,0.9066,"0,05","0,85","0,96","10468,990777","99,99",371,0,1900-01-01,0.2160999999999999,-0.6905,-0.6839000000000001,0.0065999999999999
816749,1764786,2023-12-28,ALGA28,ALGAR TELECOM S/A,2026-02-15,0.9,di_spread,1.0097,0.8175,0.9111,"0,05","0,86","0,97","10473,260323","99,98",369,0,1900-01-01,0.1922,-0.7189,-0.7078,0.0045
817629,1765666,2024-01-02,ALGA28,ALGAR TELECOM S/A,2026-02-15,0.9,di_spread,1.03,0.8179,0.9047,"0,07","0,83","0,98","10484,148458","99,99",367,0,1900-01-01,0.2121,-0.6925999999999999,-0.6879,-0.0064
818509,1766546,2024-01-03,ALGA28,ALGAR TELECOM S/A,2026-02-15,0.9,di_spread,1.0112,0.8134,0.8969,"0,05","0,85","0,95","10490,288125",100,366,0,1900-01-01,0.1978000000000001,-0.6990999999999999,-0.7021999999999999,-0.0077999999999999
819389,1767426,2024-01-04,ALGA28,ALGAR TELECOM S/A,2026-02-15,0.9,di_spread,1.0135,0.8267,0.9079,"0,05","0,86","0,96","10493,589371","99,99",365,0,1900-01-01,0.1868,-0.7211,-0.7132,0.011
820397,1768434,2024-01-05,ALGA28,ALGAR TELECOM S/A,2026-02-15,0.9,di_spread,1.0336,0.8133,0.9122,"0,04","0,88","0,95","10497,908862","99,98",364,0,1900-01-01,0.2203,-0.6919,-0.6797,0.0042999999999999
821149,1769186,2024-01-08,ALGA28,ALGAR TELECOM S/A,2026-02-15,0.9,di_spread,1.0347,0.8249,0.9215,"0,08","0,84",1,"10501,483955","99,97",363,0,1900-01-01,0.2098,-0.7117,-0.6902,0.0092999999999999
822029,1770066,2024-01-09,ALGA28,ALGAR TELECOM S/A,2026-02-15,0.9,di_spread,1.0413,0.832,0.9254,"0,07","0,85",1,"10505,876821","99,96",362,0,1900-01-01,0.2092999999999999,-0.7161000000000001,-0.6907000000000001,0.0039
822911,1770948,2024-01-10,ALGA28,ALGAR TELECOM S/A,2026-02-15,0.9,di_spread,1.0514,0.8227,0.9296,"0,02","0,91","0,95","10510,229819","99,96",361,0,1900-01-01,0.2286999999999999,-0.7009000000000001,-0.6713000000000001,0.0041999999999999
823789,1771826,2024-01-11,ALGA28,ALGAR TELECOM S/A,2026-02-15,0.9,di_spread,1.0444,0.8141,0.9066,"0,04","0,87","0,94","10518,638746","99,99",360,0,1900-01-01,0.2302999999999999,-0.6763,-0.6697000000000001,-0.023
824669,1772706,2024-01-12,ALGA28,ALGAR TELECOM S/A,2026-02-15,0.9,di_spread,1.0427,0.8096,0.9223,"0,02","0,9","0,94","10521,281948","99,97",359,0,1900-01-01,0.2330999999999999,-0.6892,-0.6669,0.0157
825549,1773586,2024-01-15,ALGA28,ALGAR TELECOM S/A,2026-02-15,0.9,di_spread,1.0382,0.7949,0.909,"0,03","0,88","0,94","10528,239978","99,99",358,0,1900-01-01,0.2432999999999999,-0.6657000000000001,-0.6567000000000001,-0.0132999999999999
826427,1774464,2024-01-16,ALGA28,ALGAR TELECOM S/A,2026-02-15,0.9,di_spread,1.0188,0.7884,0.9067,"0,02","0,89","0,92","10533,564072","99,99",357,0,1900-01-01,0.2303999999999999,-0.6763,-0.6696000000000001,-0.0023
827303,1775340,2024-01-17,ALGA28,ALGAR TELECOM S/A,2026-02-15,0.9,di_spread,1.0172,0.7719,0.8954,"0,03","0,87","0,92","10540,217116","100,01",356,0,1900-01-01,0.2453,-0.6500999999999999,-0.6547,-0.0112999999999999
828181,1776218,2024-01-18,ALGA28,ALGAR TELECOM S/A,2026-02-15,0.9,di_spread,1.0124,0.7713,0.8956,"0,03","0,87","0,92","10545,170906","100,01",355,0,1900-01-01,0.2410999999999999,-0.6545,-0.6589,0.0001999999999999
829056,1777093,2024-01-19,ALGA28,ALGAR TELECOM S/A,2026-02-15,0.9,di_spread,1.0072,0.7694,0.8951,"0,03","0,87","0,92","10550,229924","100,01",354,0,1900-01-01,0.2378000000000001,-0.6572999999999999,-0.6621999999999999,-0.0004999999999999
829932,1777969,2024-01-22,ALGA28,ALGAR TELECOM S/A,2026-02-15,0.9,di_spread,1.0039,0.7713,0.8959,"0,03","0,86","0,93","10555,100406","100,01",353,0,1900-01-01,0.2326,-0.6633,-0.6674,0.0008
830809,1778846,2024-01-23,ALGA28,ALGAR TELECOM S/A,2026-02-15,0.9,di_spread,1.0019,0.7694,0.8865,"0,05","0,84","0,94","10561,466144","100,02",352,0,1900-01-01,0.2325,-0.6539999999999999,-0.6675,-0.0094
831685,1779722,2024-01-24,ALGA28,ALGAR TELECOM S/A,2026-02-15,0.9,di_spread,0.9933,0.7597,0.8819,"0,04","0,85","0,92","10567,127277","100,03",351,0,1900-01-01,0.2335999999999999,-0.6483000000000001,-0.6664000000000001,-0.0045999999999999
832589,1780626,2024-01-25,ALGA28,ALGAR TELECOM S/A,2026-02-15,0.9,di_spread,0.978,0.7643,0.8533,"0,03","0,83","0,88","10576,286265","100,06",350,0,1900-01-01,0.2137,-0.6396,-0.6863,-0.0286
833496,1781533,2024-01-26,ALGA28,ALGAR TELECOM S/A,2026-02-15,0.9,di_spread,0.9645,0.767,0.8386,"0,03","0,81","0,87","10583,409614","100,08",349,0,1900-01-01,0.1975,-0.6411,-0.7025,-0.0146999999999999
834397,1782434,2024-01-29,ALGA28,ALGAR TELECOM S/A,2026-02-15,0.9,di_spread,0.9426,0.7652,0.8274,"0,04","0,78","0,87","10590,014591","100,1",348,0,1900-01-01,0.1774,-0.65,-0.7226,-0.0111999999999999
835301,1783338,2024-01-30,ALGA28,ALGAR TELECOM S/A,2026-02-15,0.9,di_spread,0.9331,0.7517,0.8249,"0,04","0,78","0,87","10595,353392","100,1",347,0,1900-01-01,0.1814,-0.6435,-0.7186,-0.0025
836206,1784243,2024-01-31,ALGA28,ALGAR TELECOM S/A,2026-02-15,0.9,di_spread,0.9246,0.75,0.8218,"0,03","0,79","0,85","10600,783069","100,11",346,0,1900-01-01,0.1745999999999999,-0.6472,-0.7254,-0.0030999999999999
837108,1785145,2024-02-01,ALGA28,ALGAR TELECOM S/A,2026-02-15,0.9,di_spread,0.9245,0.75,0.8172,"0,03","0,79","0,85","10606,42824","100,11",345,0,1900-01-01,0.1745,-0.6427,-0.7255,-0.0045999999999999
838009,1787848,2024-02-02,ALGA28,ALGAR TELECOM S/A,2026-02-15,0.9,di_spread,0.9737,0.7498,0.85,"0,05","0,81","0,9","10606,502317","100,07",344,0,1900-01-01,0.2239,-0.6261,-0.6761,0.0327999999999999
838910,1788749,2024-02-05,ALGA28,ALGAR TELECOM S/A,2026-02-15,0.9,di_spread,0.9937,0.75,0.8647,"0,04","0,83","0,9","10609,202048","100,05",343,0,1900-01-01,0.2437,-0.621,-0.6563,0.0147
839811,1789650,2024-02-06,ALGA28,ALGAR TELECOM S/A,2026-02-15,0.9,di_spread,0.9949,0.75,0.8472,"0,04","0,81","0,88","10616,519037","100,07",342,0,1900-01-01,0.2449,-0.6023,-0.6551,-0.0175
840712,1790551,2024-02-07,ALGA28,ALGAR TELECOM S/A,2026-02-15,0.9,di_spread,0.972,0.75,0.84,"0,04","0,8","0,88","10622,35574","100,08",341,0,1900-01-01,0.2219999999999999,-0.618,-0.678,-0.0071999999999999
841613,1791452,2024-02-08,ALGA28,ALGAR TELECOM S/A,2026-02-15,0.9,di_spread,0.9467,0.7488,0.8318,"0,04","0,79","0,87","10628,329858","100,09",340,0,1900-01-01,0.1978999999999999,-0.6339,-0.7021000000000001,-0.0081999999999999
842514,1792353,2024-02-09,ALGA28,ALGAR TELECOM S/A,2026-02-15,0.9,di_spread,0.9716,0.7488,0.8477,"0,04","0,8","0,89","10630,88172","100,07",339,0,1900-01-01,0.2228,-0.6249,-0.6772,0.0159
844310,1795050,2024-02-14,ALGA28,ALGAR TELECOM S/A,2026-02-15,0.9,di_spread,0.9705,0.75,0.8457,"0,04","0,8","0,89","10635,980178","100,07",338,0,1900-01-01,0.2205,-0.6252,-0.6795,-0.002
843414,1794154,2024-02-15,ALGA28,ALGAR TELECOM S/A,2026-02-15,0.9,di_spread,0.9756,0.75,0.8488,"0,04","0,81","0,89","10007,223484","100,07",359,0,1900-01-01,0.2256,-0.6232,-0.6744,0.0030999999999999
845211,1795951,2024-02-16,ALGA28,ALGAR TELECOM S/A,2026-02-15,0.9,di_spread,0.9664,0.7529,0.8489,"0,04","0,81","0,89","10011,742229","100,07",357,0,1900-01-01,0.2135,-0.6354,-0.6865,9.9999999999989e-05
846144,1796884,2024-02-19,ALGA28,ALGAR TELECOM S/A,2026-02-15,0.9,di_spread,0.9829,0.75,0.8533,"0,04","0,81","0,89","10015,661166","100,07",356,0,1900-01-01,0.2329,-0.6204,-0.6671,0.0043999999999999
847007,1797747,2024-02-20,ALGA28,ALGAR TELECOM S/A,2026-02-15,0.9,di_spread,0.973,0.75,0.8563,"0,04","0,81","0,9","10019,781991","100,06",356,0,1900-01-01,0.2229999999999999,-0.6333,-0.677,0.003
847896,1798636,2024-02-21,ALGA28,ALGAR TELECOM S/A,2026-02-15,0.9,di_spread,0.966,0.75,0.8383,"0,02","0,81","0,86","10026,842858","100,09",355,0,1900-01-01,0.2159999999999999,-0.6223000000000001,-0.684,-0.0179999999999999
848789,1799529,2024-02-22,ALGA28,ALGAR TELECOM S/A,2026-02-15,0.9,di_spread,0.998,0.75,0.8509,"0,04","0,81","0,89","10029,622657","100,07",353,0,1900-01-01,0.248,-0.6029,-0.652,0.0125999999999999
849681,1800421,2024-02-23,ALGA28,ALGAR TELECOM S/A,2026-02-15,0.9,di_spread,0.9551,0.75,0.8395,"0,04","0,8","0,88","10035,754377","100,08",352,0,1900-01-01,0.2050999999999999,-0.6344000000000001,-0.6949000000000001,-0.0113999999999999
850575,1801315,2024-02-26,ALGA28,ALGAR TELECOM S/A,2026-02-15,0.9,di_spread,0.9503,0.75,0.8371,"0,04","0,79","0,88","10040,630044","100,09",351,0,1900-01-01,0.2003,-0.6367999999999999,-0.6997,-0.0024
851483,1802223,2024-02-27,ALGA28,ALGAR TELECOM S/A,2026-02-15,0.9,di_spread,0.9679,0.7513,0.8356,"0,07","0,77","0,9","10045,385619","100,09",351,0,1900-01-01,0.2166,-0.619,-0.6834,-0.0014999999999999
852391,1803131,2024-02-28,ALGA28,ALGAR TELECOM S/A,2026-02-15,0.9,di_spread,0.9427,0.75,0.8401,"0,06","0,78","0,9","10049,309117","100,08",349,0,1900-01-01,0.1926999999999999,-0.6474,-0.7073,0.0044999999999999
853299,1804039,2024-02-29,ALGA28,ALGAR TELECOM S/A,2026-02-15,0.9,di_spread,0.9417,0.75,0.8277,"0,03","0,8","0,86","10055,570636","100,1",349,0,1900-01-01,0.1916999999999999,-0.636,-0.7083,-0.0123999999999999
854207,1804947,2024-03-01,ALGA28,ALGAR TELECOM S/A,2026-02-15,0.9,di_spread,0.9198,0.7259,0.8106,"0,03","0,78","0,84","10062,4731","100,12",348,0,1900-01-01,0.1938999999999999,-0.6167,-0.7061000000000001,-0.0171
855115,1805855,2024-03-04,ALGA28,ALGAR TELECOM S/A,2026-02-15,0.9,di_spread,0.9177,0.7339,0.8106,"0,03","0,78","0,84","10067,01799","100,12",347,0,1900-01-01,0.1837999999999999,-0.6268,-0.7162000000000001,0.0
856023,1806763,2024-03-05,ALGA28,ALGAR TELECOM S/A,2026-02-15,0.9,di_spread,0.9215,0.722,0.8043,"0,04","0,77","0,84","10072,430312","100,13",346,0,1900-01-01,0.1995,-0.6048,-0.7005,-0.0062999999999999
856930,1807670,2024-03-06,ALGA28,ALGAR TELECOM S/A,2026-02-15,0.9,di_spread,0.8879,0.7152,0.7953,"0,05","0,74","0,85","10078,206934","100,14",345,0,1900-01-01,0.1727,-0.6225999999999999,-0.7273,-0.009
857838,1808578,2024-03-07,ALGA28,ALGAR TELECOM S/A,2026-02-15,0.9,di_spread,0.8563,0.7164,0.7416,"0,05","0,69","0,8","10090,082457","100,21",344,0,1900-01-01,0.1398999999999999,-0.6017000000000001,-0.7601000000000001,-0.0536999999999999
859057,1809797,2024-03-08,ALGA28,ALGAR TELECOM S/A,2026-02-15,0.9,di_spread,0.8626,0.7014,0.7734,"0,06","0,71","0,83","10090,277815","100,17",343,0,1900-01-01,0.1612,-0.6122,-0.7388,0.0317999999999999
859651,1810391,2024-03-11,ALGA28,ALGAR TELECOM S/A,2026-02-15,0.9,di_spread,0.8637,0.7006,0.7461,"0,05","0,7","0,8","10098,531181","100,21",342,0,1900-01-01,0.1631,-0.583,-0.7369,-0.0272999999999999
860558,1811298,2024-03-12,ALGA28,ALGAR TELECOM S/A,2026-02-15,0.9,di_spread,0.8371,0.7,0.7369,"0,06","0,68","0,8","10104,315881","100,22",341,0,1900-01-01,0.1371,-0.5998,-0.7629,-0.0091999999999999
861467,1812207,2024-03-13,ALGA28,ALGAR TELECOM S/A,2026-02-15,0.9,di_spread,0.858,0.662,0.7446,"0,12","0,62","0,87","10107,807285","100,21",340,0,1900-01-01,0.1959999999999999,-0.5486000000000001,-0.7040000000000001,0.0077
862372,1813112,2024-03-14,ALGA28,ALGAR TELECOM S/A,2026-02-15,0.9,di_spread,0.8595,0.6695,0.7439,"0,06","0,68","0,81","10112,433737","100,21",339,0,1900-01-01,0.19,-0.5539,-0.71,-0.0007
863278,1814018,2024-03-15,ALGA28,ALGAR TELECOM S/A,2026-02-15,0.9,di_spread,0.8593,0.6982,0.7259,"0,05","0,68","0,78","10119,388284","100,23",337,0,1900-01-01,0.1610999999999999,-0.5648000000000001,-0.7389000000000001,-0.018
864182,1814922,2024-03-18,ALGA28,ALGAR TELECOM S/A,2026-02-15,0.9,di_spread,0.8523,0.6903,0.7475,"0,09","0,65","0,84","10121,023205","100,2",336,0,1900-01-01,0.1619999999999999,-0.5855000000000001,-0.7380000000000001,0.0216
865086,1815826,2024-03-19,ALGA28,ALGAR TELECOM S/A,2026-02-15,0.9,di_spread,0.8647,0.6253,0.7151,"0,13","0,59","0,84","10129,909006","100,24",335,0,1900-01-01,0.2394,-0.4756999999999999,-0.6606,-0.0324
865990,1816730,2024-03-20,ALGA28,ALGAR TELECOM S/A,2026-02-15,0.9,di_spread,0.8539,0.5946,0.7343,"0,09","0,64","0,82","10131,886126","100,22",335,0,1900-01-01,0.2593,-0.475,-0.6407,0.0191999999999999
866891,1817631,2024-03-21,ALGA28,ALGAR TELECOM S/A,2026-02-15,0.9,di_spread,0.8446,0.5876,0.7062,"0,09","0,61","0,8","10140,171216","100,25",334,0,1900-01-01,0.257,-0.4492,-0.643,-0.0280999999999999
867793,1818533,2024-03-22,ALGA28,ALGAR TELECOM S/A,2026-02-15,0.9,di_spread,0.834,0.5854,0.692,"0,09","0,6","0,78","10146,416299","100,27",333,0,1900-01-01,0.2485999999999999,-0.4434,-0.6514000000000001,-0.0142000000000001
868694,1819434,2024-03-25,ALGA28,ALGAR TELECOM S/A,2026-02-15,0.9,di_spread,0.8165,0.6044,0.6837,"0,09","0,59","0,77","10151,873423","100,28",332,0,1900-01-01,0.2120999999999999,-0.4716,-0.6879000000000001,-0.0082999999999999
869614,1820354,2024-03-26,ALGA28,ALGAR TELECOM S/A,2026-02-15,0.9,di_spread,0.8091,0.5993,0.7072,"0,13","0,57","0,84","10153,112702","100,25",330,0,1900-01-01,0.2098,-0.4974,-0.6902,0.0235
870528,1821268,2024-03-27,ALGA28,ALGAR TELECOM S/A,2026-02-15,0.9,di_spread,0.8131,0.577,0.6889,"0,08","0,6","0,77","10159,888951","100,27",330,0,1900-01-01,0.2361000000000001,-0.4527999999999998,-0.6638999999999999,-0.0183
871446,1822186,2024-03-28,ALGA28,ALGAR TELECOM S/A,2026-02-15,0.9,di_spread,0.8359,0.6185,0.7278,"0,08","0,65","0,81","10159,130052","100,22",328,0,1900-01-01,0.2173999999999999,-0.5104000000000001,-0.6826000000000001,0.0389
872361,1823101,2024-04-01,ALGA28,ALGAR TELECOM S/A,2026-02-15,0.9,di_spread,0.8755,0.6123,0.693,"0,13","0,56","0,82","10168,066013","100,27",327,0,1900-01-01,0.2632,-0.4297999999999999,-0.6368,-0.0348
873275,1824015,2024-04-02,ALGA28,ALGAR TELECOM S/A,2026-02-15,0.9,di_spread,0.873,0.6028,0.6891,"0,13","0,55","0,82","10172,93527","100,27",326,0,1900-01-01,0.2702,-0.4189,-0.6298,-0.0038999999999999
874189,1824929,2024-04-03,ALGA28,ALGAR TELECOM S/A,2026-02-15,0.9,di_spread,0.9203,0.6663,0.7938,"0,08","0,72","0,87","10163,650214","100,14",325,0,1900-01-01,0.254,-0.5398,-0.646,0.1046999999999999
875104,1825844,2024-04-04,ALGA28,ALGAR TELECOM S/A,2026-02-15,0.9,di_spread,0.971,0.7034,0.8517,"0,15","0,7","1,01","10160,539748","100,06",324,0,1900-01-01,0.2675999999999999,-0.5841000000000001,-0.6324000000000001,0.0579
876017,1826757,2024-04-05,ALGA28,ALGAR TELECOM S/A,2026-02-15,0.9,di_spread,0.9865,0.6961,0.8931,"0,12","0,77","1,02","10159,611941","100,01",323,0,1900-01-01,0.2904,-0.6027,-0.6096,0.0413999999999999
876931,1827671,2024-04-08,ALGA28,ALGAR TELECOM S/A,2026-02-15,0.9,di_spread,0.9745,0.7335,0.9008,"0,09","0,81","0,99","10163,05983",100,322,0,1900-01-01,0.241,-0.6598,-0.659,0.0077
877844,1828584,2024-04-09,ALGA28,ALGAR TELECOM S/A,2026-02-15,0.9,di_spread,0.972,0.7197,0.8927,"0,15","0,74","1,04","10168,544523","100,01",321,0,1900-01-01,0.2522999999999999,-0.6404000000000001,-0.6477,-0.0080999999999999
878757,1829497,2024-04-10,ALGA28,ALGAR TELECOM S/A,2026-02-15,0.9,di_spread,1.0149,0.7358,0.9136,"0,09","0,82","1,01","10170,311229","99,98",320,0,1900-01-01,0.2790999999999999,-0.6345000000000001,-0.6209000000000001,0.0208999999999999
879668,1833141,2024-04-11,ALGA28,ALGAR TELECOM S/A,2026-02-15,0.9,di_spread,1.0133,0.7377,0.9026,"0,09","0,81","0,99","10176,168248",100,319,0,1900-01-01,0.2756,-0.6269999999999999,-0.6244,-0.011
880579,1834052,2024-04-12,ALGA28,ALGAR TELECOM S/A,2026-02-15,0.9,di_spread,1.0174,0.7377,0.8935,"0,12","0,78","1,01","10181,777596","100,01",318,0,1900-01-01,0.2797,-0.6137999999999999,-0.6203,-0.0090999999999999
881490,1834963,2024-04-15,ALGA28,ALGAR TELECOM S/A,2026-02-15,0.9,di_spread,1.0698,0.7636,0.9451,"0,15","0,8","1,09","10179,680169","99,94",317,0,1900-01-01,0.3062000000000001,-0.6388999999999999,-0.5937999999999999,0.0516
882393,1835866,2024-04-16,ALGA28,ALGAR TELECOM S/A,2026-02-15,0.9,di_spread,1.0734,0.7994,0.9603,"0,1","0,86","1,06","10182,23361","99,93",316,0,1900-01-01,0.2739999999999999,-0.6863000000000001,-0.6260000000000001,0.0151999999999999
883298,1836771,2024-04-17,ALGA28,ALGAR TELECOM S/A,2026-02-15,0.9,di_spread,1.0864,0.7715,0.9417,"0,13","0,82","1,07","10189,056317","99,95",314,0,1900-01-01,0.3149,-0.6267999999999999,-0.5851,-0.0186
884196,1837669,2024-04-18,ALGA28,ALGAR TELECOM S/A,2026-02-15,0.9,di_spread,1.0955,0.7775,0.9154,"0,14","0,78","1,05","10196,832154","99,98",313,0,1900-01-01,0.3179999999999999,-0.5974,-0.5820000000000001,-0.0262999999999999
885097,1838570,2024-04-19,ALGA28,ALGAR TELECOM S/A,2026-02-15,0.9,di_spread,1.0878,0.7839,0.9556,"0,13","0,82","1,09","10196,257753","99,93",313,0,1900-01-01,0.3039,-0.6517,-0.5961,0.0402
885998,1839471,2024-04-22,ALGA28,ALGAR TELECOM S/A,2026-02-15,0.9,di_spread,1.0844,0.8386,0.9619,"0,13","0,83","1,09","10199,949622","99,92",312,0,1900-01-01,0.2458,-0.7161,-0.6542,0.0062999999999999
886896,1840369,2024-04-23,ALGA28,ALGAR TELECOM S/A,2026-02-15,0.9,di_spread,1.0755,0.8394,0.9418,"0,13","0,81","1,07","10206,939208","99,95",311,0,1900-01-01,0.2360999999999998,-0.7057000000000001,-0.6639000000000002,-0.0201
887795,1841268,2024-04-24,ALGA28,ALGAR TELECOM S/A,2026-02-15,0.9,di_spread,1.1025,0.7516,0.9337,"0,13","0,81","1,06","10212,427309","99,96",310,0,1900-01-01,0.3509,-0.5828,-0.5491,-0.0080999999999999
888718,1842191,2024-04-25,ALGA28,ALGAR TELECOM S/A,2026-02-15,0.9,di_spread,1.0862,0.8169,0.9643,"0,13","0,83","1,1","10213,11493","99,92",309,0,1900-01-01,0.2693000000000001,-0.695,-0.6306999999999999,0.0306
889679,1843152,2024-04-26,ALGA28,ALGAR TELECOM S/A,2026-02-15,0.9,di_spread,1.0668,0.8092,0.9605,"0,13","0,83","1,09","10218,071006","99,93",308,0,1900-01-01,0.2575999999999999,-0.7029000000000001,-0.6424000000000001,-0.0038
890561,1844034,2024-04-29,ALGA28,ALGAR TELECOM S/A,2026-02-15,0.9,di_spread,1.1066,0.8553,0.9915,"0,12","0,87","1,11","10218,742406","99,89",307,0,1900-01-01,0.2513000000000001,-0.7402,-0.6486999999999999,0.031
891703,1845176,2024-04-30,ALGA28,ALGAR TELECOM S/A,2026-02-15,0.9,di_spread,1.1081,0.8411,1.0017,"0,03","0,97","1,03","10222,004525","99,88",306,0,1900-01-01,0.2670000000000001,-0.7346999999999999,-0.6329999999999999,0.0101999999999999
892435,1845908,2024-05-02,ALGA28,ALGAR TELECOM S/A,2026-02-15,0.9,di_spread,1.1118,0.8442,1.0053,"0,04","0,96","1,05","10226,067319","99,87",305,0,1900-01-01,0.2675999999999999,-0.7377000000000001,-0.6324000000000001,0.0036
893314,1846787,2024-05-03,ALGA28,ALGAR TELECOM S/A,2026-02-15,0.9,di_spread,1.0918,0.7531,0.8927,"0,13","0,77","1,02","10244,343541","100,01",304,0,1900-01-01,0.3387000000000001,-0.5539999999999999,-0.5612999999999999,-0.1126
894274,1847747,2024-05-06,ALGA28,ALGAR TELECOM S/A,2026-02-15,0.9,di_spread,1.0812,0.8297,0.9445,"0,08","0,87","1,02","10242,502069","99,95",303,0,1900-01-01,0.2514999999999999,-0.6930000000000001,-0.6485000000000001,0.0517999999999999
895147,1848620,2024-05-07,ALGA28,ALGAR TELECOM S/A,2026-02-15,0.9,di_spread,1.0798,0.8346,0.9467,"0,07","0,88","1,02","10246,731023","99,94",302,0,1900-01-01,0.2452,-0.7014999999999999,-0.6547999999999999,0.0021999999999999
896100,1849573,2024-05-08,ALGA28,ALGAR TELECOM S/A,2026-02-15,0.9,di_spread,1.0713,0.835,0.9233,"0,07","0,85",1,"10254,067015","99,97",301,0,1900-01-01,0.2362999999999999,-0.687,-0.6637000000000001,-0.0233999999999999
902423,1855896,2024-05-09,ALGA28,ALGAR TELECOM S/A,2026-02-15,0.9,di_spread,1.094,0.8325,0.9385,"0,11","0,83","1,05","10256,723464","99,95",300,0,1900-01-01,0.2615,-0.6769999999999999,-0.6385,0.0151999999999999
896979,1850452,2024-05-10,ALGA28,ALGAR TELECOM S/A,2026-02-15,0.9,di_spread,1.1324,0.8578,1.0062,"0,13","0,88","1,13","10252,984774","99,88",299,0,1900-01-01,0.2746,-0.7315999999999999,-0.6254,0.0676999999999999
897890,1851363,2024-05-13,ALGA28,ALGAR TELECOM S/A,2026-02-15,0.9,di_spread,1.1208,0.8762,0.9989,"0,09","0,91","1,09","10258,294767","99,88",298,0,1900-01-01,0.2446,-0.7543,-0.6554,-0.0072999999999999
898801,1852274,2024-05-14,ALGA28,ALGAR TELECOM S/A,2026-02-15,0.9,di_spread,1.065,0.8969,0.9936,"0,07","0,92","1,06","10263,361977","99,89",297,0,1900-01-01,0.1680999999999999,-0.8255000000000001,-0.7319000000000001,-0.0052999999999999
899708,1853181,2024-05-15,ALGA28,ALGAR TELECOM S/A,2026-02-15,0.9,di_spread,1.0714,0.8804,0.9169,"0,14","0,78","1,05","10276,948392","99,98",296,0,1900-01-01,0.1909999999999999,-0.7259000000000001,-0.7090000000000001,-0.0766999999999999
900852,1854325,2024-05-16,ALGA28,ALGAR TELECOM S/A,2026-02-15,0.9,di_spread,1.0297,0.8409,0.9606,"0,11","0,85","1,07","10276,155186","99,93",295,0,1900-01-01,0.1888,-0.7717999999999999,-0.7111999999999999,0.0436999999999999
901520,1854993,2024-05-17,ALGA28,ALGAR TELECOM S/A,2026-02-15,0.9,di_spread,1.0309,0.8496,0.9415,"0,12","0,82","1,06","10282,84751","99,95",293,0,1900-01-01,0.1812999999999999,-0.7602000000000001,-0.7187000000000001,-0.0191
903339,1856812,2024-05-20,ALGA28,ALGAR TELECOM S/A,2026-02-15,0.9,di_spread,1.0217,0.8972,0.9547,"0,06","0,89","1,02","10285,70753","99,94",292,0,1900-01-01,0.1245,-0.8301999999999999,-0.7755,0.0131999999999999
904244,1857717,2024-05-21,ALGA28,ALGAR TELECOM S/A,2026-02-15,0.9,di_spread,1.0058,0.85,0.9363,"0,11","0,82","1,05","10292,303799","99,96",291,0,1900-01-01,0.1558,-0.7805,-0.7442,-0.0183999999999999
905147,1858620,2024-05-22,ALGA28,ALGAR TELECOM S/A,2026-02-15,0.9,di_spread,1.1528,0.9,1.03,"0,14","0,89","1,17","10285,724483","99,85",290,0,1900-01-01,0.2528,-0.7772,-0.6472,0.0937
906049,1859522,2024-05-23,ALGA28,ALGAR TELECOM S/A,2026-02-15,0.9,di_spread,1.1701,0.8531,1.078,"0,14","0,94","1,22","10284,571434","99,8",289,0,1900-01-01,0.3169999999999999,-0.7610000000000001,-0.5830000000000001,0.048
906951,1860424,2024-05-24,ALGA28,ALGAR TELECOM S/A,2026-02-15,0.9,di_spread,1.2487,0.9292,1.1218,"0,14","0,98","1,26","10283,954063","99,75",288,0,1900-01-01,0.3194999999999999,-0.8023,-0.5805000000000001,0.0437999999999998
907853,1861326,2024-05-27,ALGA28,ALGAR TELECOM S/A,2026-02-15,0.9,di_spread,1.2519,0.9374,1.0715,"0,14","0,93","1,21","10294,279413","99,81",287,0,1900-01-01,0.3145,-0.7569999999999999,-0.5855,-0.0503
908793,1862266,2024-05-28,ALGA28,ALGAR TELECOM S/A,2026-02-15,0.9,di_spread,1.2165,0.9292,1.049,"0,14","0,91","1,19","10301,361652","99,83",286,0,1900-01-01,0.2872999999999999,-0.7617,-0.6127000000000001,-0.0224999999999999
909733,1863206,2024-05-29,ALGA28,ALGAR TELECOM S/A,2026-02-15,0.9,di_spread,1.1875,0.877,0.9864,"0,15","0,83","1,14","10313,074048","99,9",285,0,1900-01-01,0.3105,-0.6759000000000001,-0.5895,-0.0625999999999998
910671,1864144,2024-05-31,ALGA28,ALGAR TELECOM S/A,2026-02-15,0.9,di_spread,1.1286,0.6766,0.937,"0,17","0,77","1,11","10323,22241","99,96",284,0,1900-01-01,0.452,-0.485,-0.4479999999999999,-0.0494
911651,1865124,2024-06-03,ALGA28,ALGAR TELECOM S/A,2026-02-15,0.9,di_spread,1.0891,0.8791,1.0008,"0,12","0,88","1,12","10320,323137","99,89",283,0,1900-01-01,0.2099999999999999,-0.7908,-0.6900000000000001,0.0637999999999998
912554,1866027,2024-06-04,ALGA28,ALGAR TELECOM S/A,2026-02-15,0.9,di_spread,1.0772,0.8678,0.9825,"0,12","0,86","1,1","10326,881189","99,91",282,0,1900-01-01,0.2093999999999999,-0.7731000000000001,-0.6906000000000001,-0.0182999999999998
913483,1866956,2024-06-05,ALGA28,ALGAR TELECOM S/A,2026-02-15,0.9,di_spread,1.0905,0.8361,0.9509,"0,11","0,84","1,06","10334,949615","99,94",281,0,1900-01-01,0.2544,-0.6964999999999999,-0.6456,-0.0316
914414,1867887,2024-06-06,ALGA28,ALGAR TELECOM S/A,2026-02-15,0.9,di_spread,1.064,0.8049,0.9518,"0,11","0,84","1,06","10339,2928","99,94",280,0,1900-01-01,0.2591000000000001,-0.6926999999999999,-0.6408999999999999,0.0009
915345,1868818,2024-06-07,ALGA28,ALGAR TELECOM S/A,2026-02-15,0.9,di_spread,1.0608,0.7902,0.9028,"0,12","0,78","1,02","10349,310557",100,279,0,1900-01-01,0.2705999999999999,-0.6322000000000001,-0.6294000000000001,-0.0489999999999999
916278,1869751,2024-06-10,ALGA28,ALGAR TELECOM S/A,2026-02-15,0.9,di_spread,1.0136,0.8384,0.9197,"0,1","0,82","1,02","10351,831304","99,98",278,0,1900-01-01,0.1752,-0.7444999999999999,-0.7248,0.0168999999999999
917204,1870677,2024-06-11,ALGA28,ALGAR TELECOM S/A,2026-02-15,0.9,di_spread,1.0499,0.8716,0.9301,"0,08","0,85","1,01","10355,09868","99,97",277,0,1900-01-01,0.1783,-0.7518,-0.7217,0.0104
918139,1871612,2024-06-12,ALGA28,ALGAR TELECOM S/A,2026-02-15,0.9,di_spread,1.0934,0.8726,0.9817,"0,09","0,89","1,08","10353,749935","99,91",276,0,1900-01-01,0.2207999999999998,-0.7609000000000001,-0.6792000000000001,0.0515999999999999
919054,1872951,2024-06-13,ALGA28,ALGAR TELECOM S/A,2026-02-15,0.9,di_spread,1.0601,0.8681,0.965,"0,09","0,88","1,05","10360,085079","99,93",275,0,1900-01-01,0.192,-0.7729999999999999,-0.708,-0.0167
919979,1873876,2024-06-14,ALGA28,ALGAR TELECOM S/A,2026-02-15,0.9,di_spread,1.0842,0.8647,0.9615,"0,09","0,88","1,05","10364,938409","99,93",274,0,1900-01-01,0.2195,-0.742,-0.6805,-0.0034999999999999
921217,1875114,2024-06-17,ALGA28,ALGAR TELECOM S/A,2026-02-15,0.9,di_spread,1.0833,0.8782,0.9545,"0,07","0,89","1,02","10370,183039","99,94",273,0,1900-01-01,0.2050999999999999,-0.7494000000000001,-0.6949000000000001,-0.007
921823,1875720,2024-06-18,ALGA28,ALGAR TELECOM S/A,2026-02-15,0.9,di_spread,1.0562,0.854,0.9375,"0,04","0,89","0,98","10376,532336","99,96",272,0,1900-01-01,0.2022,-0.7353,-0.6978,-0.017
922744,1876641,2024-06-19,ALGA28,ALGAR TELECOM S/A,2026-02-15,0.9,di_spread,1.0079,0.8444,0.9279,"0,05","0,88","0,98","10382,053976","99,97",271,0,1900-01-01,0.1634999999999999,-0.7644,-0.7365,-0.0096
923661,1877558,2024-06-20,ALGA28,ALGAR TELECOM S/A,2026-02-15,0.9,di_spread,0.992,0.8072,0.9101,"0,06","0,85","0,97","10388,474127","99,99",270,0,1900-01-01,0.1847999999999999,-0.7253000000000001,-0.7152000000000001,-0.0177999999999999
924581,1878478,2024-06-21,ALGA28,ALGAR TELECOM S/A,2026-02-15,0.9,di_spread,0.9772,0.8325,0.9124,"0,06","0,86","0,97","10392,674153","99,99",269,0,1900-01-01,0.1446999999999999,-0.7677,-0.7553000000000001,0.0022999999999999
925540,1879437,2024-06-24,ALGA28,ALGAR TELECOM S/A,2026-02-15,0.9,di_spread,1.0221,0.8146,0.9048,"0,08","0,82","0,99","10397,963307","99,99",268,0,1900-01-01,0.2075,-0.6973,-0.6925,-0.0075999999999999
926453,1880350,2024-06-25,ALGA28,ALGAR TELECOM S/A,2026-02-15,0.9,di_spread,1.0176,0.8074,0.9039,"0,08","0,82","0,98","10402,516815",100,267,0,1900-01-01,0.2102,-0.6937,-0.6898,-0.0009
927448,1881345,2024-06-26,ALGA28,ALGAR TELECOM S/A,2026-02-15,0.9,di_spread,0.9898,0.8106,0.901,"0,02","0,88","0,92","10407,289506",100,266,0,1900-01-01,0.1792,-0.7218,-0.7208,-0.0029
928362,1882259,2024-06-27,ALGA28,ALGAR TELECOM S/A,2026-02-15,0.9,di_spread,0.9896,0.7719,0.8788,"0,1","0,78","0,97","10414,157518","100,02",265,0,1900-01-01,0.2177,-0.6611,-0.6823,-0.0221999999999999
929312,1883209,2024-06-28,ALGA28,ALGAR TELECOM S/A,2026-02-15,0.9,di_spread,0.966,0.754,0.8637,"0,11","0,76","0,97","10420,241074","100,04",264,0,1900-01-01,0.2119999999999999,-0.6517000000000001,-0.6880000000000001,-0.0151
930260,1884157,2024-07-01,ALGA28,ALGAR TELECOM S/A,2026-02-15,0.9,di_spread,0.979,0.7454,0.8637,"0,07","0,8","0,93","10424,686258","100,04",263,0,1900-01-01,0.2336,-0.6301,-0.6664,0.0
931206,1885103,2024-07-02,ALGA28,ALGAR TELECOM S/A,2026-02-15,0.9,di_spread,1.0246,0.7528,0.8603,"0,08","0,78","0,94","10429,502032","100,04",262,0,1900-01-01,0.2717999999999999,-0.5885,-0.6282000000000001,-0.0034
932152,1886049,2024-07-03,ALGA28,ALGAR TELECOM S/A,2026-02-15,0.9,di_spread,1.0186,0.7141,0.8523,"0,04","0,81","0,9","10434,811665","100,05",261,0,1900-01-01,0.3045,-0.5478,-0.5955,-0.008
933098,1886995,2024-07-04,ALGA28,ALGAR TELECOM S/A,2026-02-15,0.9,di_spread,0.9573,0.7118,0.8361,"0,08","0,76","0,91","10440,995384","100,07",260,0,1900-01-01,0.2455,-0.5905999999999999,-0.6545,-0.0161999999999999
934123,1888020,2024-07-05,ALGA28,ALGAR TELECOM S/A,2026-02-15,0.9,di_spread,0.9538,0.7048,0.8318,"0,08","0,75","0,91","10445,899841","100,07",259,0,1900-01-01,0.249,-0.5828,-0.651,-0.0042999999999999
934990,1888887,2024-07-08,ALGA28,ALGAR TELECOM S/A,2026-02-15,0.9,di_spread,0.9591,0.7455,0.8489,"0,07","0,78","0,92","10448,529988","100,05",258,0,1900-01-01,0.2135999999999999,-0.6353000000000001,-0.6864000000000001,0.0171
935936,1889833,2024-07-09,ALGA28,ALGAR TELECOM S/A,2026-02-15,0.9,di_spread,0.9915,0.6658,0.8314,"0,04","0,79","0,87","10454,836278","100,07",257,0,1900-01-01,0.3257000000000001,-0.5056999999999999,-0.5742999999999999,-0.0174999999999999
936922,1890819,2024-07-10,ALGA28,ALGAR TELECOM S/A,2026-02-15,0.9,di_spread,0.9675,0.7163,0.8332,"0,06","0,77","0,9","10459,097858","100,07",256,0,1900-01-01,0.2512,-0.5820000000000001,-0.6488,0.0018
937827,1891724,2024-07-11,ALGA28,ALGAR TELECOM S/A,2026-02-15,0.9,di_spread,0.9694,0.7185,0.8066,"0,09","0,72","0,9","10466,346532","100,09",255,0,1900-01-01,0.2509,-0.5557,-0.6491,-0.0266
938773,1892670,2024-07-12,ALGA28,ALGAR TELECOM S/A,2026-02-15,0.9,di_spread,0.9415,0.6917,0.796,"0,09","0,7","0,89","10471,899505","100,1",254,0,1900-01-01,0.2498,-0.5462,-0.6502,-0.0105999999999999
939716,1893613,2024-07-15,ALGA28,ALGAR TELECOM S/A,2026-02-15,0.9,di_spread,0.9384,0.6517,0.7754,"0,1","0,67","0,88","10478,49283","100,12",253,0,1900-01-01,0.2867,-0.4886999999999999,-0.6133,-0.0206
940658,1894555,2024-07-16,ALGA28,ALGAR TELECOM S/A,2026-02-15,0.9,di_spread,0.9303,0.6748,0.7767,"0,1","0,68","0,87","10482,795893","100,12",252,0,1900-01-01,0.2555,-0.5211999999999999,-0.6445,0.0012999999999999
941641,1895538,2024-07-17,ALGA28,ALGAR TELECOM S/A,2026-02-15,0.9,di_spread,0.9337,0.6783,0.7709,"0,11","0,67","0,88","10487,833702","100,13",251,0,1900-01-01,0.2553999999999999,-0.5155000000000001,-0.6446000000000001,-0.0057999999999999
942542,1896439,2024-07-18,ALGA28,ALGAR TELECOM S/A,2026-02-15,0.9,di_spread,0.9221,0.5662,0.7423,"0,11","0,63","0,85","10495,22153","100,16",250,0,1900-01-01,0.3559,-0.3863999999999999,-0.5441,-0.0286
943484,1897381,2024-07-19,ALGA28,ALGAR TELECOM S/A,2026-02-15,0.9,di_spread,0.9393,0.6437,0.7567,"0,1","0,65","0,86","10498,166284","100,14",249,0,1900-01-01,0.2956,-0.4611,-0.6044,0.0144
944426,1898323,2024-07-22,ALGA28,ALGAR TELECOM S/A,2026-02-15,0.9,di_spread,0.9516,0.571,0.7657,"0,07","0,69","0,84","10501,681389","100,13",248,0,1900-01-01,0.3806,-0.3851,-0.5194,0.009
945367,1899264,2024-07-23,ALGA28,ALGAR TELECOM S/A,2026-02-15,0.9,di_spread,0.924,0.5556,0.7406,"0,12","0,62","0,86","10508,686826","100,16",247,0,1900-01-01,0.3684,-0.3722,-0.5316,-0.0251
946386,1900283,2024-07-24,ALGA28,ALGAR TELECOM S/A,2026-02-15,0.9,di_spread,0.8737,0.543,0.6781,"0,14","0,54","0,82","10519,491925","100,22",246,0,1900-01-01,0.3307,-0.3474,-0.5693,-0.0625
947250,1901147,2024-07-25,ALGA28,ALGAR TELECOM S/A,2026-02-15,0.9,di_spread,0.8609,0.4853,0.6796,"0,07","0,61","0,75","10523,741842","100,21",245,0,1900-01-01,0.3756,-0.304,-0.5244,0.0014999999999999
948225,1902122,2024-07-26,ALGA28,ALGAR TELECOM S/A,2026-02-15,0.9,di_spread,0.859,0.515,0.6566,"0,1","0,56","0,76","10530,490697","100,23",244,0,1900-01-01,0.344,-0.3126,-0.556,-0.023
949202,1903099,2024-07-29,ALGA28,ALGAR TELECOM S/A,2026-02-15,0.9,di_spread,0.8648,0.5178,0.6807,"0,03","0,65","0,71","10532,467859","100,21",243,0,1900-01-01,0.347,-0.3337,-0.553,0.0241
950179,1905053,2024-07-30,ALGA28,ALGAR TELECOM S/A,2026-02-15,0.9,di_spread,0.8246,0.5407,0.6755,"0,05","0,62","0,73","10537,413002","100,21",242,0,1900-01-01,0.2839,-0.3915999999999999,-0.6161,-0.0051999999999999
951157,1906031,2024-07-31,ALGA28,ALGAR TELECOM S/A,2026-02-15,0.9,di_spread,0.8188,0.547,0.6858,"0,04","0,65","0,72","10540,803017","100,2",241,0,1900-01-01,0.2717999999999999,-0.414,-0.6282000000000001,0.0102999999999999
952133,1907007,2024-08-01,ALGA28,ALGAR TELECOM S/A,2026-02-15,0.9,di_spread,0.8201,0.5442,0.6886,"0,04","0,65","0,72","10544,953257","100,2",240,0,1900-01-01,0.2759,-0.4126999999999999,-0.6241,0.0028
953108,1907982,2024-08-02,ALGA28,ALGAR TELECOM S/A,2026-02-15,0.9,di_spread,0.831,0.5593,0.6944,"0,04","0,66","0,73","10548,820722","100,19",239,0,1900-01-01,0.2716999999999999,-0.4227000000000001,-0.6283000000000001,0.0058
954082,1908956,2024-08-05,ALGA28,ALGAR TELECOM S/A,2026-02-15,0.9,di_spread,0.8325,0.5572,0.6966,"0,04","0,66","0,73","10553,036856","100,19",238,0,1900-01-01,0.2753,-0.4213,-0.6247,0.0021999999999999
955056,1909930,2024-08-06,ALGA28,ALGAR TELECOM S/A,2026-02-15,0.9,di_spread,0.9004,0.5589,0.71,"0,03","0,68","0,74","10556,131972","100,18",237,0,1900-01-01,0.3415,-0.3684999999999999,-0.5585,0.0133999999999999
956239,1911113,2024-08-07,ALGA28,ALGAR TELECOM S/A,2026-02-15,0.9,di_spread,0.835,0.5545,0.6947,"0,04","0,65","0,74","10562,079868","100,19",236,0,1900-01-01,0.2804999999999999,-0.4142,-0.6195,-0.0152999999999999
956977,1911851,2024-08-08,ALGA28,ALGAR TELECOM S/A,2026-02-15,0.9,di_spread,0.8532,0.5401,0.6987,"0,04","0,66","0,74","10566,124344","100,19",235,0,1900-01-01,0.3130999999999999,-0.3856,-0.5869000000000001,0.004
957978,1912852,2024-08-09,ALGA28,ALGAR TELECOM S/A,2026-02-15,0.9,di_spread,0.8232,0.554,0.6903,"0,04","0,65","0,73","10571,383241","100,19",234,0,1900-01-01,0.2692,-0.4211,-0.6308,-0.0083999999999999
958952,1913826,2024-08-12,ALGA28,ALGAR TELECOM S/A,2026-02-15,0.9,di_spread,0.8231,0.5525,0.6841,"0,04","0,64","0,72","10576,424886","100,2",233,0,1900-01-01,0.2706,-0.4135,-0.6294,-0.0061999999999999
959926,1914800,2024-08-13,ALGA28,ALGAR TELECOM S/A,2026-02-15,0.9,di_spread,0.8103,0.5603,0.6816,"0,03","0,66","0,71","10581,110275","100,2",232,0,1900-01-01,0.25,-0.4316,-0.65,-0.0025
960948,1915822,2024-08-14,ALGA28,ALGAR TELECOM S/A,2026-02-15,0.9,di_spread,0.8236,0.5519,0.6794,"0,05","0,63","0,73","10585,765011","100,2",231,0,1900-01-01,0.2717,-0.4076999999999999,-0.6283,-0.0021999999999999
961874,1916748,2024-08-15,ALGA28,ALGAR TELECOM S/A,2026-02-15,0.9,di_spread,0.8285,0.5515,0.6849,"0,02","0,67","0,7","10020,60705","100,21",243,0,1900-01-01,0.277,-0.4078999999999999,-0.623,0.0054999999999999
962852,1917726,2024-08-16,ALGA28,ALGAR TELECOM S/A,2026-02-15,0.9,di_spread,0.8288,0.538,0.6784,"0,05","0,63","0,73","10025,42939","100,21",242,0,1900-01-01,0.2907999999999999,-0.3876,-0.6092000000000001,-0.0064999999999999
963818,1918692,2024-08-19,ALGA28,ALGAR TELECOM S/A,2026-02-15,0.9,di_spread,0.8194,0.5479,0.6851,"0,03","0,65","0,72","10029,000039","100,2",241,0,1900-01-01,0.2714999999999999,-0.4136000000000001,-0.6285000000000001,0.0067
964790,1919664,2024-08-20,ALGA28,ALGAR TELECOM S/A,2026-02-15,0.9,di_spread,0.8028,0.5445,0.6634,"0,05","0,61","0,71","10035,272687","100,22",240,0,1900-01-01,0.2583,-0.4051,-0.6417,-0.0217
965758,1920632,2024-08-21,ALGA28,ALGAR TELECOM S/A,2026-02-15,0.9,di_spread,0.8084,0.542,0.6686,"0,05","0,62","0,72","10038,991217","100,22",239,0,1900-01-01,0.2663999999999999,-0.4022,-0.6336,0.0051999999999999
966727,1921601,2024-08-22,ALGA28,ALGAR TELECOM S/A,2026-02-15,0.9,di_spread,0.787,0.5403,0.6696,"0,05","0,62","0,72","10043,095839","100,22",238,0,1900-01-01,0.2467,-0.4228999999999999,-0.6533,0.001
967692,1922566,2024-08-23,ALGA28,ALGAR TELECOM S/A,2026-02-15,0.9,di_spread,0.7742,0.5456,0.6608,"0,05","0,61","0,71","10048,138077","100,22",237,0,1900-01-01,0.2286,-0.4322,-0.6714,-0.0087999999999999
968657,1923531,2024-08-26,ALGA28,ALGAR TELECOM S/A,2026-02-15,0.9,di_spread,0.7773,0.5413,0.6584,"0,05","0,61","0,71","10052,573119","100,22",236,0,1900-01-01,0.236,-0.4224,-0.664,-0.0024
969623,1924497,2024-08-27,ALGA28,ALGAR TELECOM S/A,2026-02-15,0.9,di_spread,0.7641,0.5341,0.6493,"0,05","0,6","0,7","10057,624989","100,23",235,0,1900-01-01,0.2299999999999999,-0.4193,-0.67,-0.0090999999999999
970627,1925501,2024-08-28,ALGA28,ALGAR TELECOM S/A,2026-02-15,0.9,di_spread,0.7757,0.5393,0.6477,"0,07","0,58","0,72","10061,971996","100,23",234,0,1900-01-01,0.2363999999999999,-0.4113000000000001,-0.6636000000000001,-0.0015999999999999
971629,1926503,2024-08-29,ALGA28,ALGAR TELECOM S/A,2026-02-15,0.9,di_spread,0.7781,0.5257,0.6622,"0,05","0,61","0,71","10064,835658","100,22",233,0,1900-01-01,0.2524,-0.4097999999999999,-0.6476,0.0144999999999999
972629,1927503,2024-08-30,ALGA28,ALGAR TELECOM S/A,2026-02-15,0.9,di_spread,0.7954,0.5293,0.6482,"0,07","0,57","0,72","10070,341825","100,23",232,0,1900-01-01,0.2661,-0.3821,-0.6339,-0.014
973628,1928502,2024-09-02,ALGA28,ALGAR TELECOM S/A,2026-02-15,0.9,di_spread,0.7644,0.5207,0.6034,"0,05","0,55","0,66","10078,666768","100,27",231,0,1900-01-01,0.2436999999999999,-0.3597000000000001,-0.6563000000000001,-0.0447999999999999
974630,1929504,2024-09-03,ALGA28,ALGAR TELECOM S/A,2026-02-15,0.9,di_spread,0.7211,0.525,0.5847,"0,06","0,52","0,65","10084,576756","100,29",230,0,1900-01-01,0.1960999999999999,-0.3886,-0.7039000000000001,-0.0187
975628,1930502,2024-09-04,ALGA28,ALGAR TELECOM S/A,2026-02-15,0.9,di_spread,0.7294,0.5124,0.5676,"0,08","0,49","0,65","10090,339869","100,3",229,0,1900-01-01,0.217,-0.3505999999999999,-0.6829999999999999,-0.0171
976627,1931501,2024-09-05,ALGA28,ALGAR TELECOM S/A,2026-02-15,0.9,di_spread,0.7332,0.4828,0.5725,"0,07","0,5","0,64","10094,090231","100,29",228,0,1900-01-01,0.2503999999999999,-0.3221,-0.6496000000000001,0.0049
977627,1932501,2024-09-06,ALGA28,ALGAR TELECOM S/A,2026-02-15,0.9,di_spread,0.7173,0.5045,0.6029,"0,08","0,53","0,68","10095,529563","100,27",227,0,1900-01-01,0.2128000000000001,-0.3900999999999999,-0.6871999999999999,0.0303999999999999
978628,1933502,2024-09-09,ALGA28,ALGAR TELECOM S/A,2026-02-15,0.9,di_spread,0.7538,0.5167,0.6061,"0,09","0,52","0,69","10099,446046","100,26",226,0,1900-01-01,0.2370999999999999,-0.369,-0.6629,0.0031999999999999
979621,1934495,2024-09-10,ALGA28,ALGAR TELECOM S/A,2026-02-15,0.9,di_spread,0.7217,0.4687,0.6029,"0,06","0,54","0,66","10103,943595","100,26",225,0,1900-01-01,0.253,-0.3499,-0.647,-0.0031999999999999
980618,1935492,2024-09-11,ALGA28,ALGAR TELECOM S/A,2026-02-15,0.9,di_spread,0.7185,0.4667,0.5915,"0,07","0,52","0,66","10109,169697","100,27",224,0,1900-01-01,0.2518,-0.3397,-0.6482,-0.0113999999999999
981614,1936488,2024-09-12,ALGA28,ALGAR TELECOM S/A,2026-02-15,0.9,di_spread,0.7123,0.485,0.593,"0,07","0,53","0,66","10113,237838","100,27",223,0,1900-01-01,0.2273,-0.3656999999999999,-0.6727,0.0014999999999999
982610,1937484,2024-09-13,ALGA28,ALGAR TELECOM S/A,2026-02-15,0.9,di_spread,0.7075,0.4497,0.5847,"0,08","0,5","0,67","10118,185092","100,28",222,0,1900-01-01,0.2578,-0.3268999999999999,-0.6422,-0.0082999999999999
983605,1938479,2024-09-16,ALGA28,ALGAR TELECOM S/A,2026-02-15,0.9,di_spread,0.7174,0.4409,0.5868,"0,08","0,5","0,67","10122,206327","100,27",221,0,1900-01-01,0.2765,-0.3102999999999999,-0.6234999999999999,0.0020999999999999
984597,1939471,2024-09-17,ALGA28,ALGAR TELECOM S/A,2026-02-15,0.9,di_spread,0.7269,0.4566,0.5953,"0,07","0,52","0,67","10125,670336","100,26",220,0,1900-01-01,0.2703,-0.325,-0.6297,0.0085
985587,1940461,2024-09-18,ALGA28,ALGAR TELECOM S/A,2026-02-15,0.9,di_spread,0.6733,0.4774,0.5486,"0,1","0,45","0,65","10133,980477","100,3",219,0,1900-01-01,0.1959,-0.3526999999999999,-0.7041,-0.0467
986577,1941451,2024-09-19,ALGA28,ALGAR TELECOM S/A,2026-02-15,0.9,di_spread,0.6636,0.4674,0.549,"0,08","0,47","0,63","10138,128649","100,3",218,0,1900-01-01,0.1961999999999999,-0.3528,-0.7038,0.0004
987566,1942440,2024-09-20,ALGA28,ALGAR TELECOM S/A,2026-02-15,0.9,di_spread,0.6608,0.4512,0.54,"0,06","0,48","0,6","10143,194916","100,31",217,0,1900-01-01,0.2096,-0.3303999999999999,-0.6903999999999999,-0.009
988551,1943425,2024-09-23,ALGA28,ALGAR TELECOM S/A,2026-02-15,0.9,di_spread,0.6551,0.4666,0.5432,"0,1","0,44","0,64","10147,203106","100,3",216,0,1900-01-01,0.1885,-0.3547,-0.7115,0.0031999999999999
989535,1944409,2024-09-24,ALGA28,ALGAR TELECOM S/A,2026-02-15,0.9,di_spread,0.6557,0.4674,0.5421,"0,08","0,46","0,63","10151,601874","100,3",215,0,1900-01-01,0.1882999999999999,-0.3538,-0.7117,-0.0010999999999999
990515,1945389,2024-09-25,ALGA28,ALGAR TELECOM S/A,2026-02-15,0.9,di_spread,0.6789,0.4686,0.5653,"0,08","0,48","0,65","10153,911015","100,28",214,0,1900-01-01,0.2102999999999999,-0.3550000000000001,-0.6897000000000001,0.0232
991521,1946395,2024-09-26,ALGA28,ALGAR TELECOM S/A,2026-02-15,0.9,di_spread,0.6927,0.4651,0.557,"0,1","0,46","0,65","10158,921619","100,29",213,0,1900-01-01,0.2275999999999999,-0.3294000000000001,-0.6724000000000001,-0.0082999999999999
992515,1947389,2024-09-27,ALGA28,ALGAR TELECOM S/A,2026-02-15,0.9,di_spread,0.648,0.4635,0.5336,"0,05","0,49","0,58","10165,213222","100,31",212,0,1900-01-01,0.1845,-0.3490999999999999,-0.7155,-0.0234
993516,1948390,2024-09-30,ALGA28,ALGAR TELECOM S/A,2026-02-15,0.9,di_spread,0.5944,0.4511,0.5321,"0,01","0,52","0,54","10169,635596","100,31",211,0,1900-01-01,0.1433,-0.3888,-0.7566999999999999,-0.0014999999999999
994513,1949387,2024-10-01,ALGA28,ALGAR TELECOM S/A,2026-02-15,0.9,di_spread,0.6039,0.4607,0.5312,"0,08","0,45","0,61","10174,014613","100,31",210,0,1900-01-01,0.1432,-0.388,-0.7568,-0.0009
995512,1950386,2024-10-02,ALGA28,ALGAR TELECOM S/A,2026-02-15,0.9,di_spread,0.6378,0.4714,0.5412,"0,07","0,47","0,62","10177,477679","100,3",209,0,1900-01-01,0.1664,-0.3747999999999999,-0.7336,0.01
