Unnamed: 0,id,dataReferencia,codigo,nome,repacVenc,indice,correcao,taxaCompra,taxaVenda,taxaIndicativa,desvioPadrao,intervaloMin,intervaloMax,pu,percPu,duration,percReune,referenciaNTNB,spread_bid_ask,spread,spread_2
621255,1386470,2023-01-02,CSAN23,COSAN SA (*),2031-08-15,2.0,di_spread,1.8703,1.6442,1.7704,"0,02","1,75","1,79","1068,802954","101,03","1148,6",5,1900-01-01,0.22609999999999997,-1.5443,-1.7739
622029,1388018,2023-01-03,CSAN23,COSAN SA (*),2031-08-15,2.0,di_spread,1.8668,1.6521,1.7726,"0,04","1,73","1,81","1069,253977","101,01","1141,1138",0,1900-01-01,0.2147000000000001,-1.5578999999999998,-1.7852999999999999
622803,1389566,2023-01-04,CSAN23,COSAN SA (*),2031-08-15,2.0,di_spread,1.8514,1.6469,1.7661,"0,02","1,75","1,78","1070,13883","101,04","1135,9279",0,1900-01-01,0.2044999999999999,-1.5616,-1.7955
623577,1391114,2023-01-05,CSAN23,COSAN SA (*),2031-08-15,2.0,di_spread,1.85,1.6555,1.7704,"0,04","1,73","1,81","1070,617864","101,02","1141,629",0,1900-01-01,0.19450000000000012,-1.5758999999999999,-1.8054999999999999
624351,1392662,2023-01-06,CSAN23,COSAN SA (*),2031-08-15,2.0,di_spread,1.85,1.65,1.7689,"0,04","1,73","1,81","1071,366265","101,04","1146,7372",0,1900-01-01,0.20000000000000018,-1.5688999999999997,-1.7999999999999998
625125,1394210,2023-01-09,CSAN23,COSAN SA (*),2031-08-15,2.0,di_spread,1.8607,1.6407,1.7699,"0,02","1,75","1,79","1071,961984","101,03","1148,3093",35,1900-01-01,0.21999999999999997,-1.5499,-1.78
625899,1395758,2023-01-10,CSAN23,COSAN SA (*),2031-08-15,2.0,di_spread,1.85,1.65,1.7656,"0,02","1,75","1,78","1072,833642","101,06","1152,116",10,1900-01-01,0.20000000000000018,-1.5655999999999999,-1.7999999999999998
626672,1397304,2023-01-11,CSAN23,COSAN SA (*),2031-08-15,2.0,di_spread,1.85,1.6554,1.7651,"0,04","1,73","1,8","1073,529147","101,06","1156,4255",5,1900-01-01,0.1946000000000001,-1.5704999999999998,-1.8054
627445,1398850,2023-01-12,CSAN23,COSAN SA (*),2031-08-15,2.0,di_spread,1.8491,1.5385,1.7737,"0,04","1,74","1,81","1073,78297","101,03","1160,5544",35,1900-01-01,0.3106,-1.4631,-1.6894
628218,1400396,2023-01-13,CSAN23,COSAN SA (*),2031-08-15,2.0,di_spread,1.9477,1.3888,1.7671,"0,07","1,7","1,83","1074,702538","101,05","1157,4835",10,1900-01-01,0.5589,-1.2082,-1.4411
628991,1401940,2023-01-16,CSAN23,COSAN SA (*),2031-08-15,2.0,di_spread,2.0513,1.3618,1.7627,"0,1","1,66","1,87","1075,458034","101,07","1148,6698",5,1900-01-01,0.6895,-1.0732,-1.3105
629762,1403482,2023-01-17,CSAN23,COSAN SA (*),2031-08-15,2.0,di_spread,2.0013,1.3859,1.7749,"0,11","1,66","1,89","1075,522499","101,01","1150,7104",0,1900-01-01,0.6154000000000002,-1.1594999999999998,-1.3845999999999998
630533,1405024,2023-01-18,CSAN23,COSAN SA (*),2031-08-15,2.0,di_spread,2.0369,1.6286,1.8059,"0,1","1,71","1,9","1074,636018","100,87","1147,371",0,1900-01-01,0.4083000000000001,-1.3976,-1.5917
631304,1406562,2023-01-19,CSAN23,COSAN SA (*),2031-08-15,2.0,di_spread,2.0322,1.6486,1.8325,"0,1","1,73","1,93","1073,961661","100,75","1143,0376",0,1900-01-01,0.38359999999999994,-1.4489,-1.6164
632071,1407329,2023-01-20,CSAN23,COSAN SA (*),2031-08-15,2.0,di_spread,1.9375,1.6534,1.8301,"0,1","1,73","1,93","1074,645057","100,75","1134,4427",0,1900-01-01,0.2841,-1.546,-1.7159
632837,1408861,2023-01-23,CSAN23,COSAN SA (*),2031-08-15,2.0,di_spread,1.9139,1.6527,1.818,"0,09","1,72","1,91","1075,814156","100,8","1129,8683",0,1900-01-01,0.2611999999999999,-1.5568000000000002,-1.7388000000000001
633603,1410393,2023-01-24,CSAN23,COSAN SA (*),2031-08-15,2.0,di_spread,1.9027,1.6746,1.8045,"0,06","1,74","1,87","1077,103357","100,86","1132,3292",0,1900-01-01,0.22809999999999997,-1.5764,-1.7719
634369,1411925,2023-01-25,CSAN23,COSAN SA (*),2031-08-15,2.0,di_spread,1.911,1.6861,1.8046,"0,07","1,74","1,87","1077,756411","100,87","1135,5123",0,1900-01-01,0.2249000000000001,-1.5796999999999999,-1.7751
635136,1413463,2023-01-26,CSAN23,COSAN SA (*),2031-08-15,2.0,di_spread,1.9123,1.7066,1.8078,"0,05","1,76","1,86","1078,217879","100,85","1133,2274",0,1900-01-01,0.20570000000000022,-1.6020999999999999,-1.7942999999999998
635907,1415004,2023-01-27,CSAN23,COSAN SA (*),2031-08-15,2.0,di_spread,1.9143,1.7258,1.8108,"0,05","1,77","1,86","1078,661979","100,83","1127,4609",0,1900-01-01,0.1884999999999999,-1.6223,-1.8115
636677,1416544,2023-01-30,CSAN23,COSAN SA (*),2031-08-15,2.0,di_spread,1.9241,1.7241,1.8163,"0,05","1,77","1,86","1079,026403","100,81","1126,3965",0,1900-01-01,0.19999999999999996,-1.6163,-1.8
637447,1418084,2023-01-31,CSAN23,COSAN SA (*),2031-08-15,2.0,di_spread,1.9314,1.7028,1.8209,"0,05","1,77","1,87","1079,452687","100,79","1127,8281",0,1900-01-01,0.22859999999999991,-1.5923,-1.7714
638217,1419624,2023-02-01,CSAN23,COSAN SA (*),2031-08-15,2.0,di_spread,2.0311,1.6967,1.8296,"0,07","1,76","1,9","1079,642065","100,75","1123,3523",0,1900-01-01,0.3343999999999998,-1.4952,-1.6656000000000002
638987,1421163,2023-02-02,CSAN23,COSAN SA (*),2031-08-15,2.0,di_spread,2.0377,1.6975,1.8337,"0,07","1,76","1,91","1080,085689","100,73","1123,8888",35,1900-01-01,0.34020000000000006,-1.4935,-1.6598
639756,1422701,2023-02-03,CSAN23,COSAN SA (*),2031-08-15,2.0,di_spread,2.0213,1.6904,1.8407,"0,08","1,76","1,92","1080,32652","100,69","1114,5814",10,1900-01-01,0.3309000000000002,-1.5097999999999998,-1.6690999999999998
640525,1424235,2023-02-06,CSAN23,COSAN SA (*),2031-08-15,2.0,di_spread,2.0743,1.7054,1.8869,"0,15","1,73","2,04","1078,793521","100,49","1113,4213",5,1900-01-01,0.3689,-1.518,-1.6311
641290,1425765,2023-02-07,CSAN23,COSAN SA (*),2031-08-15,2.0,di_spread,2.1418,1.7879,1.9405,"0,14","1,8","2,08","1076,91891","100,26","1111,1394",0,1900-01-01,0.3538999999999999,-1.5866,-1.6461000000000001
642054,1427293,2023-02-08,CSAN23,COSAN SA (*),2031-08-15,2.0,di_spread,2.2093,1.7997,2.0076,"0,16","1,85","2,17","1074,429458","99,97","1113,2101",0,1900-01-01,0.40959999999999974,-1.5980000000000003,-1.5904000000000003
642818,1428821,2023-02-09,CSAN23,COSAN SA (*),2031-08-15,2.0,di_spread,2.3233,1.9583,2.0497,"0,15","1,9","2,2","1073,115051","99,79","1106,3513",0,1900-01-01,0.3650000000000002,-1.6846999999999999,-1.6349999999999998
643582,1430348,2023-02-10,CSAN23,COSAN SA (*),2031-08-15,2.0,di_spread,2.3083,1.9633,2.0964,"0,22","1,87","2,32","1071,592947","99,59","1104,8999",0,1900-01-01,0.345,-1.7514,-1.655
644345,1431874,2023-02-13,CSAN23,COSAN SA (*),2031-08-15,2.0,di_spread,2.4154,2.0884,2.182,"0,27","1,91","2,45","1068,300403","99,22","1102,0923",0,1900-01-01,0.32699999999999996,-1.855,-1.673
645108,1433400,2023-02-14,CSAN23,COSAN SA (*),2031-08-15,2.0,di_spread,2.6426,2.1118,2.2735,"0,26","2,01","2,54","1064,769835","98,84","1098,9565",0,1900-01-01,0.5307999999999997,-1.7427000000000001,-1.4692000000000003
645870,1434923,2023-02-15,CSAN23,COSAN SA (*),2031-08-15,2.0,di_spread,2.6387,2.0992,2.358,"0,25","2,11","2,61","983,541076","98,35","1190,6559",0,1900-01-01,0.5394999999999999,-1.8185000000000002,-1.4605000000000001
646631,1436445,2023-02-16,CSAN23,COSAN SA (*),2031-08-15,2.0,di_spread,2.603,2.1093,2.3552,"0,26","2,1","2,61","984,29766","98,37","1186,8439",0,1900-01-01,0.4937,-1.8615,-1.5063
647392,1439489,2023-02-17,CSAN23,COSAN SA (*),2031-08-15,2.0,di_spread,2.6665,2.1382,2.3643,"0,25","2,11","2,62","984,421391","98,33","1189,6486",0,1900-01-01,0.5283000000000002,-1.8359999999999999,-1.4716999999999998
648153,1441011,2023-02-22,CSAN23,COSAN SA (*),2031-08-15,2.0,di_spread,2.5933,2.0786,2.3679,"0,26","2,11","2,62","984,875445","98,31","1186,7272",0,1900-01-01,0.5147000000000004,-1.8531999999999997,-1.4852999999999996
648914,1442538,2023-02-23,CSAN23,COSAN SA (*),2031-08-15,2.0,di_spread,2.6349,2.0984,2.3917,"0,14","2,25","2,53","984,39017","98,21","1185,3201",0,1900-01-01,0.5365000000000002,-1.8552,-1.4634999999999998
649680,1444070,2023-02-24,CSAN23,COSAN SA (*),2031-08-15,2.0,di_spread,2.71,2.1764,2.402,"0,09","2,31","2,5","984,594857","98,17","1179,0821",0,1900-01-01,0.5335999999999999,-1.8684000000000003,-1.4664000000000001
650446,1445602,2023-02-27,CSAN23,COSAN SA (*),2031-08-15,2.0,di_spread,2.7029,2.1552,2.4423,"0,06","2,38","2,5","983,259352","97,98","1184,4102",35,1900-01-01,0.5477000000000003,-1.8945999999999996,-1.4522999999999997
651212,1447134,2023-02-28,CSAN23,COSAN SA (*),2031-08-15,2.0,di_spread,2.6707,2.1403,2.4169,"0,15","2,27","2,56","985,042233","98,1","1181,1591",10,1900-01-01,0.5304000000000002,-1.8864999999999998,-1.4695999999999998
651978,1448666,2023-03-01,CSAN23,COSAN SA (*),2031-08-15,2.0,di_spread,2.644,2.1095,2.4049,"0,07","2,33","2,48","986,232493","98,16","1176,7943",40,1900-01-01,0.5345,-1.8704,-1.4655
652744,1450198,2023-03-02,CSAN23,COSAN SA (*),2031-08-15,2.0,di_spread,2.6388,2.1007,2.3842,"0,06","2,32","2,44","987,816885","98,26","1172,1342",10,1900-01-01,0.5381,-1.8460999999999999,-1.4619
653510,1451730,2023-03-03,CSAN23,COSAN SA (*),2031-08-15,2.0,di_spread,2.6683,2.0977,2.3685,"0,08","2,29","2,44","989,12272","98,33","1170,9017",5,1900-01-01,0.5705999999999998,-1.7979000000000003,-1.4294000000000002
654275,1453260,2023-03-06,CSAN23,COSAN SA (*),2031-08-15,2.0,di_spread,2.5599,2.0368,2.369,"0,1","2,27","2,47","989,661507","98,33","1172,2302",0,1900-01-01,0.5230999999999999,-1.8459000000000003,-1.4769
655040,1454790,2023-03-07,CSAN23,COSAN SA (*),2031-08-15,2.0,di_spread,2.5854,2.0339,2.3564,"0,09","2,27","2,45","990,78026","98,38","1174,5453",0,1900-01-01,0.5514999999999999,-1.8049,-1.4485000000000001
655805,1456320,2023-03-08,CSAN23,COSAN SA (*),2031-08-15,2.0,di_spread,2.5841,2.1061,2.3703,"0,09","2,28","2,46","990,67687","98,32","1178,342",35,1900-01-01,0.47799999999999976,-1.8923,-1.5220000000000002
656570,1457850,2023-03-09,CSAN23,COSAN SA (*),2031-08-15,2.0,di_spread,2.5918,2.037,2.3476,"0,13","2,21","2,48","992,201117","98,41","1185,0863",10,1900-01-01,0.5548000000000002,-1.7927999999999997,-1.4451999999999998
657335,1459380,2023-03-10,CSAN23,COSAN SA (*),2031-08-15,2.0,di_spread,2.5865,2.1004,2.3436,"0,15","2,2","2,49","993,019706","98,43","1181,0611",5,1900-01-01,0.4861,-1.8575,-1.5139
658100,1460910,2023-03-13,CSAN23,COSAN SA (*),2031-08-15,2.0,di_spread,2.5994,2.1317,2.3493,"0,14","2,21","2,49","993,279153","98,4","1185,6909",35,1900-01-01,0.4677000000000002,-1.8815999999999997,-1.5322999999999998
658865,1462440,2023-03-14,CSAN23,COSAN SA (*),2031-08-15,2.0,di_spread,2.6404,2.1686,2.3772,"0,1","2,28","2,48","992,654441","98,28","1180,6766",10,1900-01-01,0.4718,-1.9054000000000002,-1.5282
659627,1463964,2023-03-15,CSAN23,COSAN SA (*),2031-08-15,2.0,di_spread,2.6337,2.1655,2.403,"0,1","2,3","2,5","992,055976","98,16","1180,8335",5,1900-01-01,0.46819999999999995,-1.9348,-1.5318
660389,1465488,2023-03-16,CSAN23,COSAN SA (*),2031-08-15,2.0,di_spread,2.6375,2.1767,2.4128,"0,06","2,35","2,48","992,241939","98,12","1177,5784",35,1900-01-01,0.4608000000000003,-1.9519999999999995,-1.5391999999999997
661151,1467012,2023-03-17,CSAN23,COSAN SA (*),2031-08-15,2.0,di_spread,2.5998,2.1779,2.4156,"0,1","2,32","2,51","992,663821","98,11","1179,6106",10,1900-01-01,0.42189999999999994,-1.9937,-1.5781
661913,1468536,2023-03-20,CSAN23,COSAN SA (*),2031-08-15,2.0,di_spread,2.5753,2.1799,2.4206,"0,1","2,33","2,52","993,024286","98,09","1179,2007",5,1900-01-01,0.3954,-2.0252,-1.6046
662724,1470060,2023-03-21,CSAN23,COSAN SA (*),2031-08-15,2.0,di_spread,2.602,2.1649,2.4208,"0,1","2,32","2,52","993,616667","98,09","1178,0242",0,1900-01-01,0.43710000000000004,-1.9836999999999998,-1.5629
663437,1471535,2023-03-22,CSAN23,COSAN SA (*),2031-08-15,2.0,di_spread,2.5797,2.1012,2.4221,"0,1","2,32","2,52","994,110139","98,08","1179,858",0,1900-01-01,0.4784999999999999,-1.9436,-1.5215
664199,1473059,2023-03-23,CSAN23,COSAN SA (*),2031-08-15,2.0,di_spread,2.5514,2.1764,2.4207,"0,1","2,32","2,52","994,805876","98,09","1176,8613",0,1900-01-01,0.375,-2.0457,-1.625
664961,1474583,2023-03-24,CSAN23,COSAN SA (*),2031-08-15,2.0,di_spread,2.6064,2.1515,2.419,"0,09","2,33","2,51","995,4366","98,1","1178,7457",0,1900-01-01,0.45489999999999986,-1.9641000000000002,-1.5451000000000001
665724,1476116,2023-03-27,CSAN23,COSAN SA (*),2031-08-15,2.0,di_spread,2.6138,2.2667,2.4267,"0,03","2,4","2,46","995,634975","98,06","1180,7529",0,1900-01-01,0.34709999999999974,-2.0796,-1.6529000000000003
666494,1477654,2023-03-28,CSAN23,COSAN SA (*),2031-08-15,2.0,di_spread,2.6698,2.2017,2.4375,"0,06","2,38","2,5","995,754489","98,01","1178,9305",0,1900-01-01,0.46809999999999974,-1.9694000000000003,-1.5319000000000003
667262,1479190,2023-03-29,CSAN23,COSAN SA (*),2031-08-15,2.0,di_spread,2.7162,2.2123,2.4514,"0,06","2,39","2,52","995,780083","97,96","1174,4626",0,1900-01-01,0.5039000000000002,-1.9474999999999998,-1.4960999999999998
668030,1480724,2023-03-30,CSAN23,COSAN SA (*),2031-08-15,2.0,di_spread,2.7578,2.2232,2.4591,"0,06","2,4","2,52","995,932386","97,91","1179,0021",0,1900-01-01,0.5346000000000002,-1.9244999999999997,-1.4653999999999998
668796,1482256,2023-03-31,CSAN23,COSAN SA (*),2031-08-15,2.0,di_spread,2.7259,2.2521,2.4721,"0,1","2,37","2,57","995,944076","97,86","1177,7463",0,1900-01-01,0.4738000000000002,-1.9983,-1.5261999999999998
669562,1483788,2023-04-03,CSAN23,COSAN SA (*),2031-08-15,2.0,di_spread,2.7106,2.2598,2.4896,"0,14","2,35","2,63","995,735089","97,78","1177,3556",0,1900-01-01,0.4508000000000001,-2.0387999999999997,-1.5492
670328,1485320,2023-04-04,CSAN23,COSAN SA (*),2031-08-15,2.0,di_spread,2.7284,2.2735,2.5006,"0,14","2,36","2,65","995,807492","97,73","1177,7916",35,1900-01-01,0.4549000000000003,-2.0456999999999996,-1.5450999999999997
671094,1486852,2023-04-05,CSAN23,COSAN SA (*),2031-08-15,2.0,di_spread,2.7186,2.2667,2.5132,"0,09","2,42","2,61","995,792989","97,67","1178,903",10,1900-01-01,0.45189999999999975,-2.0613,-1.5481000000000003
671860,1489150,2023-04-06,CSAN23,COSAN SA (*),2031-08-15,2.0,di_spread,2.7184,2.2522,2.5172,"0,09","2,42","2,61","996,261834","97,66","1175,5008",5,1900-01-01,0.4661999999999997,-2.051,-1.5338000000000003
672626,1490681,2023-04-10,CSAN23,COSAN SA (*),2031-08-15,2.0,di_spread,2.7316,2.2842,2.4981,"0,07","2,43","2,56","997,733549","97,75","1174,7654",0,1900-01-01,0.4474,-2.0507,-1.5526
673391,1492211,2023-04-11,CSAN23,COSAN SA (*),2031-08-15,2.0,di_spread,2.7043,2.3182,2.4842,"0,03","2,45","2,52","998,840769","97,8","1180,8283",0,1900-01-01,0.3860999999999999,-2.0981,-1.6139000000000001
674156,1493741,2023-04-12,CSAN23,COSAN SA (*),2031-08-15,2.0,di_spread,2.7057,2.2301,2.4732,"0,05","2,42","2,53","999,947214","97,85","1180,0425",0,1900-01-01,0.4756,-1.9975999999999998,-1.5244
674921,1495270,2023-04-13,CSAN23,COSAN SA (*),2031-08-15,2.0,di_spread,2.7057,2.2218,2.4793,"0,04","2,44","2,52","1000,220724","97,82","1181,7623",35,1900-01-01,0.4839000000000002,-1.9953999999999996,-1.5160999999999998
675685,1496798,2023-04-14,CSAN23,COSAN SA (*),2031-08-15,2.0,di_spread,2.7213,2.2267,2.4897,"0,06","2,43","2,55","1000,399867","97,78","1177,9739",10,1900-01-01,0.4945999999999997,-1.9951000000000003,-1.5054000000000003
676449,1498325,2023-04-17,CSAN23,COSAN SA (*),2031-08-15,2.0,di_spread,2.7288,2.308,2.5463,"0,08","2,46","2,63","998,419143","97,53","1176,469",40,1900-01-01,0.4208000000000003,-2.1254999999999997,-1.5791999999999997
677212,1499851,2023-04-18,CSAN23,COSAN SA (*),2031-08-15,2.0,di_spread,2.751,2.2787,2.5345,"0,1","2,43","2,64","999,617195","97,59","1173,0225",10,1900-01-01,0.4722999999999997,-2.0622000000000003,-1.5277000000000003
677975,1501377,2023-04-19,CSAN23,COSAN SA (*),2031-08-15,2.0,di_spread,2.755,2.2756,2.5835,"0,11","2,47","2,7","998,173407","97,39","1163,7526",40,1900-01-01,0.47940000000000005,-2.1041,-1.5206
678738,1503666,2023-04-20,CSAN23,COSAN SA (*),2031-08-15,2.0,di_spread,2.761,2.291,2.5735,"0,11","2,47","2,68","999,148364","97,43","1166,6355",10,1900-01-01,0.4700000000000002,-2.1035,-1.5299999999999998
679501,1505192,2023-04-24,CSAN23,COSAN SA (*),2031-08-15,2.0,di_spread,2.7799,2.3228,2.5747,"0,08","2,49","2,66","999,658382","97,42","1167,5968",5,1900-01-01,0.45710000000000006,-2.1176,-1.5429
680266,1506725,2023-04-25,CSAN23,COSAN SA (*),2031-08-15,2.0,di_spread,2.7566,2.2711,2.5683,"0,08","2,49","2,65","1000,490862","97,44","1169,652",0,1900-01-01,0.48550000000000004,-2.0827999999999998,-1.5145
681034,1508261,2023-04-26,CSAN23,COSAN SA (*),2031-08-15,2.0,di_spread,2.7555,2.271,2.5669,"0,12","2,45","2,68","1001,134671","97,45","1169,9559",0,1900-01-01,0.48450000000000015,-2.0824,-1.5154999999999998
681802,1509796,2023-04-27,CSAN23,COSAN SA (*),2031-08-15,2.0,di_spread,2.7555,2.3235,2.5603,"0,06","2,5","2,62","1002,01785","97,48","1170,2067",0,1900-01-01,0.43199999999999994,-2.1283,-1.568
682568,1512094,2023-04-28,CSAN23,COSAN SA (*),2031-08-15,2.0,di_spread,2.755,2.3638,2.5647,"0,11","2,45","2,68","1002,515282","97,47","1165,1456",0,1900-01-01,0.3912,-2.1735,-1.6088
683334,1513626,2023-05-02,CSAN23,COSAN SA (*),2031-08-15,2.0,di_spread,2.7555,2.3498,2.5788,"0,11","2,47","2,69","1002,470972","97,41","1164,6891",0,1900-01-01,0.40569999999999995,-2.1731000000000003,-1.5943
684100,1515158,2023-05-03,CSAN23,COSAN SA (*),2031-08-15,2.0,di_spread,2.75,2.3315,2.5821,"0,13","2,45","2,72","1002,843772","97,39","1167,5425",0,1900-01-01,0.41849999999999987,-2.1636,-1.5815000000000001
684866,1516690,2023-05-04,CSAN23,COSAN SA (*),2031-08-15,2.0,di_spread,2.7562,2.3537,2.5741,"0,15","2,43","2,72","1003,72913","97,42","1170,6087",0,1900-01-01,0.4025000000000003,-2.1715999999999998,-1.5974999999999997
685632,1518222,2023-05-05,CSAN23,COSAN SA (*),2031-08-15,2.0,di_spread,2.7555,2.3244,2.5608,"0,13","2,43","2,69","1004,941708","97,48","1169,9863",0,1900-01-01,0.43110000000000026,-2.1296999999999997,-1.5688999999999997
686397,1519752,2023-05-08,CSAN23,COSAN SA (*),2031-08-15,2.0,di_spread,2.755,2.3388,2.5624,"0,13","2,43","2,7","1005,527796","97,48","1166,8035",0,1900-01-01,0.4161999999999999,-2.1462,-1.5838
687162,1521282,2023-05-09,CSAN23,COSAN SA (*),2031-08-15,2.0,di_spread,2.755,2.3174,2.5639,"0,13","2,44","2,69","1006,118292","97,48","1163,65",0,1900-01-01,0.43759999999999977,-2.1263,-1.5624000000000002
687927,1522812,2023-05-10,CSAN23,COSAN SA (*),2031-08-15,2.0,di_spread,2.755,2.2962,2.5586,"0,12","2,44","2,68","1006,908616","97,5","1165,5635",35,1900-01-01,0.4588000000000001,-2.0998,-1.5412
688692,1524342,2023-05-11,CSAN23,COSAN SA (*),2031-08-15,2.0,di_spread,2.755,2.3401,2.5481,"0,13","2,41","2,68","1007,896405","97,53","1169,4625",10,1900-01-01,0.4148999999999998,-2.1332,-1.5851000000000002
689457,1525872,2023-05-12,CSAN23,COSAN SA (*),2031-08-15,2.0,di_spread,2.755,2.3284,2.5419,"0,1","2,44","2,64","1008,756968","97,56","1170,192",5,1900-01-01,0.4266000000000001,-2.1153,-1.5734
690221,1527398,2023-05-15,CSAN23,COSAN SA (*),2031-08-15,2.0,di_spread,2.75,2.3396,2.5489,"0,11","2,44","2,66","1008,968397","97,52","1172,8708",0,1900-01-01,0.4104000000000001,-2.1385,-1.5896
690983,1528922,2023-05-16,CSAN23,COSAN SA (*),2031-08-15,2.0,di_spread,2.7611,2.3243,2.5451,"0,08","2,46","2,63","1009,804586","97,55","1169,6491",0,1900-01-01,0.43679999999999986,-2.1083000000000003,-1.5632000000000001
691745,1530446,2023-05-17,CSAN23,COSAN SA (*),2031-08-15,2.0,di_spread,2.7575,2.3435,2.5345,"0,06","2,48","2,59","1010,948254","97,6","1166,6605",0,1900-01-01,0.4139999999999997,-2.1205000000000003,-1.5860000000000003
692506,1531968,2023-05-18,CSAN23,COSAN SA (*),2031-08-15,2.0,di_spread,2.7222,2.267,2.5166,"0,06","2,46","2,58","1012,363022","97,68","1166,7828",0,1900-01-01,0.45520000000000005,-2.0614,-1.5448
693267,1533490,2023-05-19,CSAN23,COSAN SA (*),2031-08-15,2.0,di_spread,2.707,2.2711,2.496,"0,06","2,44","2,56","1013,946755","97,77","1164,7377",0,1900-01-01,0.43589999999999973,-2.0601000000000003,-1.5641000000000003
694028,1535003,2023-05-22,CSAN23,COSAN SA (*),2031-08-15,2.0,di_spread,2.6867,2.1908,2.4724,"0,08","2,4","2,55","1015,644979","97,88","1163,9008",0,1900-01-01,0.49590000000000023,-1.9764999999999997,-1.5040999999999998
694780,1536507,2023-05-23,CSAN23,COSAN SA (*),2031-08-15,2.0,di_spread,2.6811,2.1746,2.4584,"0,08","2,38","2,54","1016,835633","97,94","1166,7",0,1900-01-01,0.5065,-1.9519000000000002,-1.4935
695532,1538011,2023-05-24,CSAN23,COSAN SA (*),2031-08-15,2.0,di_spread,2.6657,2.1859,2.4408,"0,09","2,35","2,53","1018,231169","98,02","1167,6",0,1900-01-01,0.4798,-1.9609999999999999,-1.5202
696290,1539542,2023-05-25,CSAN23,COSAN SA (*),2031-08-15,2.0,di_spread,2.6086,2.1728,2.4266,"0,08","2,35","2,51","1019,435209","98,07","1170,69",0,1900-01-01,0.43579999999999997,-1.9908000000000001,-1.5642
697063,1541088,2023-05-26,CSAN23,COSAN SA (*),2031-08-15,2.0,di_spread,2.6186,2.1458,2.4169,"0,04","2,37","2,46","1020,478211","98,12","1171,08",0,1900-01-01,0.4727999999999999,-1.9441000000000002,-1.5272000000000001
697836,1542633,2023-05-29,CSAN23,COSAN SA (*),2031-08-15,2.0,di_spread,2.5995,2.1954,2.4098,"0,07","2,34","2,48","1021,434206","98,15","1169,45",0,1900-01-01,0.4041000000000001,-2.0057,-1.5958999999999999
698607,1544175,2023-05-30,CSAN23,COSAN SA (*),2031-08-15,2.0,di_spread,2.5851,2.1778,2.3995,"0,08","2,32","2,48","1022,503747","98,2","1170,05",0,1900-01-01,0.4073000000000002,-1.9922,-1.5926999999999998
699378,1545723,2023-05-31,CSAN23,COSAN SA (*),2031-08-15,2.0,di_spread,2.6255,2.1599,2.3882,"0,08","2,31","2,47","1023,645461","98,25","1169,1",0,1900-01-01,0.46560000000000024,-1.9225999999999996,-1.5343999999999998
700155,1547277,2023-06-01,CSAN23,COSAN SA (*),2031-08-15,2.0,di_spread,2.6181,2.1642,2.3801,"0,05","2,33","2,43","1024,623781","98,28","1169,11",0,1900-01-01,0.45389999999999997,-1.9262000000000001,-1.5461
700932,1548831,2023-06-02,CSAN23,COSAN SA (*),2031-08-15,2.0,di_spread,2.5542,2.1683,2.3832,"0,04","2,34","2,43","1025,053935","98,27","1170,8",0,1900-01-01,0.3858999999999999,-1.9973,-1.6141
701709,1550385,2023-06-05,CSAN23,COSAN SA (*),2031-08-15,2.0,di_spread,2.59,2.1657,2.3736,"0,07","2,3","2,45","1026,028855","98,3","1175,89",0,1900-01-01,0.4242999999999997,-1.9493000000000005,-1.5757000000000003
702486,1551939,2023-06-06,CSAN23,COSAN SA (*),2031-08-15,2.0,di_spread,2.5526,2.178,2.3685,"0,08","2,29","2,45","1026,862593","98,33","1176,43",0,1900-01-01,0.37460000000000004,-1.9939,-1.6254
703263,1554270,2023-06-07,CSAN23,COSAN SA (*),2031-08-15,2.0,di_spread,2.531,2.15,2.3634,"0,06","2,31","2,42","1027,766178","98,36","1172,23",0,1900-01-01,0.3810000000000002,-1.9823999999999997,-1.6189999999999998
704040,1555824,2023-06-09,CSAN23,COSAN SA (*),2031-08-15,2.0,di_spread,2.5002,2.18,2.3602,"0,06","2,3","2,42","1028,478468","98,37","1175,07",0,1900-01-01,0.3201999999999998,-2.04,-1.6798000000000002
704817,1559709,2023-06-12,CSAN23,COSAN SA (*),2031-08-15,2.0,di_spread,2.542,2.1588,2.3625,"0,04","2,32","2,41","1028,989499","98,36","1173,96",0,1900-01-01,0.3832,-1.9792999999999998,-1.6168
705594,1561263,2023-06-13,CSAN23,COSAN SA (*),2031-08-15,2.0,di_spread,2.4891,2.1625,2.3613,"0,06","2,3","2,42","1029,73542","98,37","1168,01",0,1900-01-01,0.3266,-2.0347,-1.6734
706371,1562814,2023-06-14,CSAN23,COSAN SA (*),2031-08-15,2.0,di_spread,2.5001,2.1699,2.3674,"0,04","2,32","2,41","1030,047852","98,34","1168,38",0,1900-01-01,0.33020000000000005,-2.0372,-1.6698
707143,1564357,2023-06-15,CSAN23,COSAN SA (*),2031-08-15,2.0,di_spread,2.5001,2.1807,2.3678,"0,05","2,32","2,42","1030,625034","98,34","1168,93",35,1900-01-01,0.31940000000000035,-2.0483999999999996,-1.6805999999999996
707914,1565899,2023-06-16,CSAN23,COSAN SA (*),2031-08-15,2.0,di_spread,2.5124,2.1562,2.3606,"0,05","2,31","2,41","1031,564841","98,37","1169,14",45,1900-01-01,0.35619999999999985,-2.0044,-1.6438000000000001
708685,1567441,2023-06-19,CSAN23,COSAN SA (*),2031-08-15,2.0,di_spread,2.531,2.1855,2.369,"0,05","2,32","2,42","1031,801447","98,34","1167,34",15,1900-01-01,0.3454999999999999,-2.0235000000000003,-1.6545
709456,1568983,2023-06-20,CSAN23,COSAN SA (*),2031-08-15,2.0,di_spread,2.5941,2.196,2.3726,"0,05","2,33","2,42","1032,253409","98,32","1166,28",5,1900-01-01,0.3980999999999999,-1.9745,-1.6019
710226,1572060,2023-06-21,CSAN23,COSAN SA (*),2031-08-15,2.0,di_spread,2.5163,2.2408,2.3773,"0,04","2,34","2,41","1032,632901","98,3","1166,62",0,1900-01-01,0.2755000000000001,-2.1018,-1.7245
710995,1573598,2023-06-22,CSAN23,COSAN SA (*),2031-08-15,2.0,di_spread,2.5144,2.2227,2.3793,"0,04","2,34","2,42","1033,163325","98,29","1165,38",35,1900-01-01,0.29170000000000007,-2.0876,-1.7083
711764,1575136,2023-06-23,CSAN23,COSAN SA (*),2031-08-15,2.0,di_spread,2.6011,2.2346,2.387,"0,06","2,32","2,45","1033,379603","98,26","1167,2",10,1900-01-01,0.36650000000000027,-2.0204999999999997,-1.6334999999999997
712533,1576674,2023-06-26,CSAN23,COSAN SA (*),2031-08-15,2.0,di_spread,2.6001,2.2413,2.3943,"0,05","2,35","2,44","1033,627791","98,22","1168,12",5,1900-01-01,0.3588,-2.0355,-1.6412
713305,1578231,2023-06-27,CSAN23,COSAN SA (*),2031-08-15,2.0,di_spread,2.5779,2.2438,2.4067,"0,07","2,34","2,47","1033,669472","98,17","1166,94",0,1900-01-01,0.3341000000000003,-2.0725999999999996,-1.6658999999999997
714090,1579800,2023-06-28,CSAN23,COSAN SA (*),2031-08-15,2.0,di_spread,2.6236,2.2441,2.4119,"0,07","2,34","2,48","1034,076752","98,15","1164,18",0,1900-01-01,0.37950000000000017,-2.0324,-1.6204999999999998
714874,1581368,2023-06-29,CSAN23,COSAN SA (*),2031-08-15,2.0,di_spread,2.6282,2.2476,2.4198,"0,07","2,35","2,49","1034,314612","98,11","1164,05",0,1900-01-01,0.38060000000000027,-2.0391999999999997,-1.6193999999999997
715658,1582936,2023-06-30,CSAN23,COSAN SA (*),2031-08-15,2.0,di_spread,2.619,2.2485,2.4232,"0,07","2,36","2,49","1034,68766","98,09","1168,39",0,1900-01-01,0.3705000000000003,-2.0526999999999997,-1.6294999999999997
716442,1584504,2023-07-03,CSAN23,COSAN SA (*),2031-08-15,2.0,di_spread,2.5717,2.2216,2.4238,"0,05","2,38","2,47","1035,224629","98,09","1170,84",0,1900-01-01,0.35009999999999986,-2.0737,-1.6499000000000001
717226,1586072,2023-07-04,CSAN23,COSAN SA (*),2031-08-15,2.0,di_spread,2.5684,2.235,2.4147,0,"2,41","2,42","1036,314844","98,13","1167,68",0,1900-01-01,0.33340000000000014,-2.0812999999999997,-1.6665999999999999
718010,1587637,2023-07-05,CSAN23,COSAN SA (*),2031-08-15,2.0,di_spread,2.6379,2.236,2.4082,"0,02","2,38","2,43","1037,305597","98,17","1163,05",0,1900-01-01,0.4018999999999999,-2.0063,-1.5981
718791,1589199,2023-07-06,CSAN23,COSAN SA (*),2031-08-15,2.0,di_spread,2.6267,2.23,2.4009,"0,01","2,39","2,41","1038,310576","98,21","1159,77",0,1900-01-01,0.39670000000000005,-2.0042,-1.6033
719572,1590760,2023-07-07,CSAN23,COSAN SA (*),2031-08-15,2.0,di_spread,2.6339,2.2312,2.4011,"0,03","2,37","2,43","1038,83918","98,2","1164,15",0,1900-01-01,0.4027000000000003,-1.9983999999999997,-1.5972999999999997
720352,1592320,2023-07-10,CSAN23,COSAN SA (*),2031-08-15,2.0,di_spread,2.6372,2.2362,2.4011,"0,02","2,38","2,42","1039,488507","98,2","1161,68",0,1900-01-01,0.4009999999999998,-2.0001,-1.5990000000000002
721132,1593880,2023-07-11,CSAN23,COSAN SA (*),2031-08-15,2.0,di_spread,2.6161,2.2197,2.4095,"0,05","2,36","2,46","1039,714818","98,17","1160,94",35,1900-01-01,0.39639999999999986,-2.0131,-1.6036000000000001
721912,1595439,2023-07-12,CSAN23,COSAN SA (*),2031-08-15,2.0,di_spread,2.5695,2.2267,2.4019,"0,02","2,38","2,43","1040,683253","98,2","1160,88",10,1900-01-01,0.3428,-2.0591,-1.6572
722690,1596995,2023-07-13,CSAN23,COSAN SA (*),2031-08-15,2.0,di_spread,2.5671,2.215,2.4031,"0,04","2,36","2,45","1041,299273","98,2","1157,07",40,1900-01-01,0.3521000000000001,-2.0509999999999997,-1.6479
723468,1598551,2023-07-14,CSAN23,COSAN SA (*),2031-08-15,2.0,di_spread,2.5601,2.198,2.389,"0,08","2,31","2,47","1042,627387","98,27","1153,61",45,1900-01-01,0.36209999999999987,-2.0269,-1.6379000000000001
724244,1599327,2023-07-17,CSAN23,COSAN SA (*),2031-08-15,2.0,di_spread,2.5543,2.1567,2.3791,"0,08","2,3","2,46","1043,694016","98,31","1154,22",15,1900-01-01,0.3976000000000002,-1.9815,-1.6023999999999998
725019,1600877,2023-07-18,CSAN23,COSAN SA (*),2031-08-15,2.0,di_spread,2.5543,2.1567,2.3658,"0,08","2,28","2,45","1044,908752","98,37","1155,74",5,1900-01-01,0.3976000000000002,-1.9682,-1.6023999999999998
725794,1602427,2023-07-19,CSAN23,COSAN SA (*),2031-08-15,2.0,di_spread,2.5817,2.172,2.3578,"0,06","2,3","2,42","1045,947265","98,41","1152,38",0,1900-01-01,0.40969999999999995,-1.9481000000000002,-1.5903
726569,1603977,2023-07-20,CSAN23,COSAN SA (*),2031-08-15,2.0,di_spread,2.5359,2.1664,2.3503,"0,06","2,29","2,41","1046,974306","98,45","1148,1",0,1900-01-01,0.36949999999999994,-1.9808,-1.6305
727344,1605527,2023-07-21,CSAN23,COSAN SA (*),2031-08-15,2.0,di_spread,2.5251,2.1067,2.3405,"0,09","2,25","2,43","1048,017179","98,49","1150,31",0,1900-01-01,0.4184000000000001,-1.9221,-1.5816
728118,1607075,2023-07-24,CSAN23,COSAN SA (*),2031-08-15,2.0,di_spread,2.5226,2.0975,2.2875,"0,1","2,19","2,39","1051,117461","98,72","1151,03",35,1900-01-01,0.42510000000000003,-1.8624,-1.5749
728892,1608623,2023-07-25,CSAN23,COSAN SA (*),2031-08-15,2.0,di_spread,2.5018,2.0717,2.2926,"0,11","2,18","2,41","1051,49206","98,7","1151,15",45,1900-01-01,0.4300999999999999,-1.8625000000000003,-1.5699
729670,1610194,2023-07-26,CSAN23,COSAN SA (*),2031-08-15,2.0,di_spread,2.4168,2.0624,2.2826,"0,1","2,18","2,38","1052,586177","98,74","1150,68",15,1900-01-01,0.35440000000000005,-1.9282,-1.6456
730461,1611774,2023-07-27,CSAN23,COSAN SA (*),2031-08-15,2.0,di_spread,2.4015,2.0597,2.2679,"0,1","2,17","2,37","1053,933357","98,81","1147,44",5,1900-01-01,0.3418000000000001,-1.9261,-1.6582
731250,1613352,2023-07-28,CSAN23,COSAN SA (*),2031-08-15,2.0,di_spread,2.4796,2.0697,2.2618,"0,09","2,17","2,35","1054,850934","98,84","1146,34",0,1900-01-01,0.40989999999999993,-1.8519,-1.5901
732039,1614930,2023-07-31,CSAN23,COSAN SA (*),2031-08-15,2.0,di_spread,2.4115,2.0739,2.2652,"0,12","2,15","2,38","1055,299982","98,82","1147,2",0,1900-01-01,0.3376000000000001,-1.9276,-1.6623999999999999
732828,1616508,2023-08-01,CSAN23,COSAN SA (*),2031-08-15,2.0,di_spread,2.3742,2.0304,2.2597,"0,12","2,14","2,38","1056,192401","98,85","1145,89",35,1900-01-01,0.3437999999999999,-1.9159000000000002,-1.6562000000000001
733617,1618086,2023-08-02,CSAN23,COSAN SA (*),2031-08-15,2.0,di_spread,2.4559,2.0138,2.2372,"0,16","2,08","2,4","1057,864814","98,95","1146,81",10,1900-01-01,0.4421000000000004,-1.7950999999999997,-1.5578999999999996
734406,1619664,2023-08-03,CSAN23,COSAN SA (*),2031-08-15,2.0,di_spread,2.4498,2.0154,2.2118,"0,16","2,05","2,37","1059,703752","99,06","1144,88",5,1900-01-01,0.4344000000000001,-1.7774,-1.5655999999999999
735195,1621242,2023-08-04,CSAN23,COSAN SA (*),2031-08-15,2.0,di_spread,2.3362,2.0,2.1336,"0,17","1,96","2,31","1064,003267","99,41","1146,02",35,1900-01-01,0.33619999999999983,-1.7974,-1.6638000000000002
735984,1622820,2023-08-07,CSAN23,COSAN SA (*),2031-08-15,2.0,di_spread,2.4189,1.9465,2.1423,"0,17","1,97","2,32","1064,209477","99,37","1143,65",10,1900-01-01,0.47239999999999993,-1.6699000000000002,-1.5276
736773,1624398,2023-08-08,CSAN23,COSAN SA (*),2031-08-15,2.0,di_spread,2.318,1.9636,2.1307,"0,18","1,95","2,32","1065,349915","99,42","1146,45",40,1900-01-01,0.35440000000000005,-1.7763,-1.6456
737562,1625976,2023-08-09,CSAN23,COSAN SA (*),2031-08-15,2.0,di_spread,2.327,1.9556,2.1067,"0,14","1,96","2,25","1067,108686","99,53","1144,14",10,1900-01-01,0.37139999999999995,-1.7353,-1.6286
738351,1627554,2023-08-10,CSAN23,COSAN SA (*),2031-08-15,2.0,di_spread,2.3401,1.9177,2.0991,"0,12","1,98","2,22","1068,080752","99,56","1143,31",40,1900-01-01,0.4224000000000001,-1.6766999999999999,-1.5776
739140,1631998,2023-08-11,CSAN23,COSAN SA (*),2031-08-15,2.0,di_spread,2.269,1.9062,2.0866,"0,14","1,95","2,23","1069,284621","99,62","1142,89",10,1900-01-01,0.36280000000000023,-1.7237999999999996,-1.6371999999999998
739929,1633576,2023-08-14,CSAN23,COSAN SA (*),2031-08-15,2.0,di_spread,2.2596,1.904,2.0546,"0,11","1,95","2,16","1071,428245","99,76","1137,93",5,1900-01-01,0.3555999999999999,-1.6990000000000003,-1.6444
740718,1635153,2023-08-15,CSAN23,COSAN SA (*),2031-08-15,2.0,di_spread,2.2858,1.8951,2.0482,"0,11","1,93","2,16","997,714211","99,77","1220,29",0,1900-01-01,0.39070000000000005,-1.6575,-1.6093
741506,1636729,2023-08-16,CSAN23,COSAN SA (*),2031-08-15,2.0,di_spread,2.189,1.867,1.9961,"0,09","1,9","2,09","1000,754113","100,02","1219,35",0,1900-01-01,0.32200000000000006,-1.6741,-1.678
742294,1638305,2023-08-17,CSAN23,COSAN SA (*),2031-08-15,2.0,di_spread,2.1095,1.8537,1.9666,"0,08","1,89","2,04","1002,720828","100,16","1215,57",35,1900-01-01,0.25580000000000025,-1.7107999999999997,-1.7441999999999998
743082,1639881,2023-08-18,CSAN23,COSAN SA (*),2031-08-15,2.0,di_spread,2.102,1.8451,1.9673,"0,06","1,91","2,02","1003,257857","100,15","1215,34",10,1900-01-01,0.2568999999999999,-1.7104000000000001,-1.7431
743870,1641457,2023-08-21,CSAN23,COSAN SA (*),2031-08-15,2.0,di_spread,2.0948,1.8384,1.9401,"0,06","1,88",2,"1005,109899","100,28","1210,85",5,1900-01-01,0.2564000000000002,-1.6836999999999998,-1.7435999999999998
744658,1643093,2023-08-22,CSAN23,COSAN SA (*),2031-08-15,2.0,di_spread,2.0768,1.8372,1.9604,"0,06","1,91","2,02","1004,722817","100,19","1212,25",0,1900-01-01,0.23960000000000004,-1.7207999999999999,-1.7604
745446,1646053,2023-08-23,CSAN23,COSAN SA (*),2031-08-15,2.0,di_spread,2.0947,1.8247,1.9664,"0,06","1,91","2,02","1005,014878","100,16","1215,9",0,1900-01-01,0.27,-1.6964,-1.73
746234,1647629,2023-08-24,CSAN23,COSAN SA (*),2031-08-15,2.0,di_spread,2.0757,1.7825,1.9404,"0,06","1,88",2,"1006,826097","100,28","1216,73",0,1900-01-01,0.2931999999999999,-1.6472,-1.7068
747022,1649205,2023-08-25,CSAN23,COSAN SA (*),2031-08-15,2.0,di_spread,2.0691,1.7654,1.9324,"0,06","1,87","1,99","1007,771346","100,32","1213,28",0,1900-01-01,0.3037000000000001,-1.6286999999999998,-1.6963
747813,1650803,2023-08-28,CSAN23,COSAN SA (*),2031-08-15,2.0,di_spread,2.0794,1.7635,1.9552,"0,03","1,92","1,99","1007,259057","100,21","1212,59",35,1900-01-01,0.31590000000000007,-1.6393,-1.6841
748620,1652417,2023-08-29,CSAN23,COSAN SA (*),2031-08-15,2.0,di_spread,2.0966,1.7516,1.9543,"0,06","1,9","2,01","1007,878331","100,22","1214,47",45,1900-01-01,0.345,-1.6093,-1.655
749427,1654031,2023-08-30,CSAN23,COSAN SA (*),2031-08-15,2.0,di_spread,2.0895,1.7504,1.9469,"0,06","1,89","2,01","1008,800792","100,25","1212,73",15,1900-01-01,0.3391000000000002,-1.6078,-1.6608999999999998
750233,1655643,2023-08-31,CSAN23,COSAN SA (*),2031-08-15,2.0,di_spread,2.1014,1.75,1.9404,"0,06","1,88",2,"1009,668857","100,28","1206,1",5,1900-01-01,0.35139999999999993,-1.589,-1.6486
751039,1657255,2023-09-01,CSAN23,COSAN SA (*),2031-08-15,2.0,di_spread,2.1017,1.7721,1.942,"0,06","1,88",2,"1010,164707","100,27","1204,87",0,1900-01-01,0.3296000000000001,-1.6123999999999998,-1.6703999999999999
751845,1658867,2023-09-04,CSAN23,COSAN SA (*),2031-08-15,2.0,di_spread,2.0802,1.75,1.9325,"0,06","1,88","1,99","1011,185708","100,32","1203,4",0,1900-01-01,0.33020000000000005,-1.6023,-1.6698
752651,1660479,2023-09-05,CSAN23,COSAN SA (*),2031-08-15,2.0,di_spread,2.0879,1.7475,1.9182,"0,04","1,88","1,95","1012,422876","100,38","1198,54",0,1900-01-01,0.3403999999999998,-1.5778,-1.6596000000000002
753457,1662897,2023-09-06,CSAN23,COSAN SA (*),2031-08-15,2.0,di_spread,2.0792,1.7367,1.9257,"0,05","1,88","1,97","1012,640969","100,35","1197,23",0,1900-01-01,0.34250000000000025,-1.5831999999999997,-1.6574999999999998
754263,1664509,2023-09-08,CSAN23,COSAN SA (*),2031-08-15,2.0,di_spread,2.0588,1.7571,1.8966,"0,07","1,83","1,96","1014,593619","100,48","1197,83",0,1900-01-01,0.3017000000000001,-1.5949,-1.6983
755069,1666120,2023-09-11,CSAN23,COSAN SA (*),2031-08-15,2.0,di_spread,2.0734,1.75,1.9088,"0,04","1,87","1,95","1014,595833","100,43","1198,33",0,1900-01-01,0.3233999999999999,-1.5854000000000001,-1.6766
755874,1667730,2023-09-12,CSAN23,COSAN SA (*),2031-08-15,2.0,di_spread,2.0453,1.75,1.8967,"0,04","1,86","1,93","1015,752099","100,48","1199,86",0,1900-01-01,0.2953000000000001,-1.6014,-1.7046999999999999
756678,1669338,2023-09-13,CSAN23,COSAN SA (*),2031-08-15,2.0,di_spread,2.1063,1.75,1.9161,"0,04","1,88","1,95","1015,410193","100,39","1199,84",0,1900-01-01,0.35630000000000006,-1.5597999999999999,-1.6437
757482,1670946,2023-09-14,CSAN23,COSAN SA (*),2031-08-15,2.0,di_spread,2.0625,1.7483,1.9031,"0,04","1,86","1,95","1016,600023","100,45","1198,65",0,1900-01-01,0.31420000000000003,-1.5889,-1.6858
758285,1672552,2023-09-15,CSAN23,COSAN SA (*),2031-08-15,2.0,di_spread,2.0352,1.75,1.8828,"0,02","1,86","1,91","1018,128222","100,55","1195,77",0,1900-01-01,0.2852000000000001,-1.5976,-1.7147999999999999
759088,1674158,2023-09-18,CSAN23,COSAN SA (*),2031-08-15,2.0,di_spread,2.0391,1.7447,1.883,"0,04","1,85","1,92","1018,691503","100,55","1194,36",0,1900-01-01,0.2944,-1.5886,-1.7056
759891,1675764,2023-09-19,CSAN23,COSAN SA (*),2031-08-15,2.0,di_spread,2.0227,1.7311,1.8754,"0,03","1,84","1,91","1019,61315","100,58","1190,74",0,1900-01-01,0.29159999999999986,-1.5838,-1.7084000000000001
760694,1677370,2023-09-20,CSAN23,COSAN SA (*),2031-08-15,2.0,di_spread,2.0171,1.7249,1.8666,"0,04","1,82","1,91","1020,610772","100,62","1191,04",0,1900-01-01,0.2922,-1.5744,-1.7078
761497,1678976,2023-09-21,CSAN23,COSAN SA (*),2031-08-15,2.0,di_spread,1.9921,1.717,1.8218,"0,05","1,77","1,87","1023,28645","100,83","1187,32",35,1900-01-01,0.2750999999999999,-1.5467000000000002,-1.7249
762300,1680582,2023-09-22,CSAN23,COSAN SA (*),2031-08-15,2.0,di_spread,1.9772,1.7028,1.8197,"0,04","1,78","1,86","1023,942444","100,84","1186,27",10,1900-01-01,0.2744,-1.5453000000000001,-1.7256
763109,1682214,2023-09-25,CSAN23,COSAN SA (*),2031-08-15,2.0,di_spread,1.9761,1.701,1.8208,"0,04","1,78","1,86","1024,423539","100,83","1181,86",5,1900-01-01,0.2750999999999999,-1.5457,-1.7249
763932,1683860,2023-09-26,CSAN23,COSAN SA (*),2031-08-15,2.0,di_spread,1.9902,1.7075,1.8342,"0,02","1,81","1,86","1024,319184","100,76","1176,09",0,1900-01-01,0.28269999999999995,-1.5515,-1.7173
764754,1685503,2023-09-27,CSAN23,COSAN SA (*),2031-08-15,2.0,di_spread,1.9666,1.6788,1.8206,"0,04","1,78","1,86","1025,472671","100,82","1169,25",0,1900-01-01,0.28779999999999983,-1.5328000000000002,-1.7122000000000002
765575,1687144,2023-09-28,CSAN23,COSAN SA (*),2031-08-15,2.0,di_spread,1.9552,1.6727,1.8091,"0,05","1,76","1,86","1026,579998","100,87","1169,94",0,1900-01-01,0.2825,-1.5266,-1.7175
766395,1688784,2023-09-29,CSAN23,COSAN SA (*),2031-08-15,2.0,di_spread,1.9779,1.6761,1.8092,"0,05","1,76","1,86","1027,169823","100,87","1173,66",0,1900-01-01,0.30180000000000007,-1.5073999999999999,-1.6982
767215,1690424,2023-10-02,CSAN23,COSAN SA (*),2031-08-15,2.0,di_spread,1.9676,1.674,1.8217,"0,03","1,79","1,85","1027,100144","100,81","1166,67",0,1900-01-01,0.2936000000000001,-1.5281,-1.7064
768035,1692063,2023-10-03,CSAN23,COSAN SA (*),2031-08-15,2.0,di_spread,1.9622,1.6723,1.8202,"0,03","1,79","1,85","1027,685475","100,81","1159,58",35,1900-01-01,0.28990000000000005,-1.5303,-1.7101
768854,1693701,2023-10-04,CSAN23,COSAN SA (*),2031-08-15,2.0,di_spread,1.9704,1.6921,1.8298,"0,03","1,8","1,86","1027,829445","100,77","1162,86",10,1900-01-01,0.2783,-1.5515,-1.7217
769673,1695339,2023-10-05,CSAN23,COSAN SA (*),2031-08-15,2.0,di_spread,1.9854,1.7207,1.8426,"0,03","1,81","1,87","1027,787068","100,71","1160,63",5,1900-01-01,0.26470000000000016,-1.5778999999999999,-1.7352999999999998
770492,1696977,2023-10-06,CSAN23,COSAN SA (*),2031-08-15,2.0,di_spread,1.9985,1.7184,1.8655,"0,02","1,84","1,89","1027,290277","100,61","1160,42",0,1900-01-01,0.2801,-1.5854,-1.7199
771311,1698615,2023-10-09,CSAN23,COSAN SA (*),2031-08-15,2.0,di_spread,2.0113,1.7304,1.8702,"0,04","1,83","1,91","1027,657943","100,59","1164,12",0,1900-01-01,0.2808999999999999,-1.5893000000000002,-1.7191
772130,1700253,2023-10-10,CSAN23,COSAN SA (*),2031-08-15,2.0,di_spread,2.0161,1.7305,1.8733,"0,04","1,83","1,91","1028,090543","100,58","1166,14",35,1900-01-01,0.28559999999999985,-1.5877000000000001,-1.7144000000000001
772949,1702710,2023-10-11,CSAN23,COSAN SA (*),2031-08-15,2.0,di_spread,2.0165,1.6899,1.8467,"0,03","1,81","1,88","1029,884905","100,7","1163,83",10,1900-01-01,0.3266000000000002,-1.5200999999999998,-1.6733999999999998
773768,1704348,2023-10-13,CSAN23,COSAN SA (*),2031-08-15,2.0,di_spread,2.0058,1.6803,1.8392,"0,02","1,82","1,86","1030,771245","100,73","1158,96",5,1900-01-01,0.3254999999999999,-1.5137,-1.6745
774587,1705984,2023-10-16,CSAN23,COSAN SA (*),2031-08-15,2.0,di_spread,1.9977,1.6786,1.8289,"0,03","1,8","1,86","1031,834214","100,78","1161,25",0,1900-01-01,0.31909999999999994,-1.5098,-1.6809
775404,1707618,2023-10-17,CSAN23,COSAN SA (*),2031-08-15,2.0,di_spread,1.9839,1.6776,1.8217,"0,03","1,79","1,86","1032,697205","100,8","1155,43",0,1900-01-01,0.3063,-1.5154,-1.6937
776221,1709251,2023-10-18,CSAN23,COSAN SA (*),2031-08-15,2.0,di_spread,1.9968,1.6692,1.8186,"0,04","1,78","1,86","1033,399454","100,82","1153,91",35,1900-01-01,0.3275999999999999,-1.491,-1.6724
777037,1710883,2023-10-19,CSAN23,COSAN SA (*),2031-08-15,2.0,di_spread,1.973,1.6773,1.8158,"0,04","1,77","1,86","1034,052538","100,83","1147,62",45,1900-01-01,0.2957000000000001,-1.5201,-1.7043
777853,1712515,2023-10-20,CSAN23,COSAN SA (*),2031-08-15,2.0,di_spread,1.9771,1.674,1.8132,"0,04","1,77","1,86","1034,765498","100,84","1150,64",15,1900-01-01,0.30310000000000015,-1.5100999999999998,-1.6968999999999999
778669,1714147,2023-10-23,CSAN23,COSAN SA (*),2031-08-15,2.0,di_spread,1.9447,1.6639,1.8064,"0,05","1,76","1,85","1035,642868","100,87","1149,58",40,1900-01-01,0.28080000000000016,-1.5255999999999998,-1.7191999999999998
779485,1715777,2023-10-24,CSAN23,COSAN SA (*),2031-08-15,2.0,di_spread,1.9507,1.6577,1.786,"0,05","1,73","1,84","1037,184344","100,96","1152,48",10,1900-01-01,0.29300000000000015,-1.4929999999999999,-1.7069999999999999
780305,1718279,2023-10-25,CSAN23,COSAN SA (*),2031-08-15,2.0,di_spread,1.9395,1.6505,1.7832,"0,04","1,75","1,82","1037,881129","100,98","1151,87",5,1900-01-01,0.2889999999999999,-1.4942,-1.711
781146,1719961,2023-10-26,CSAN23,COSAN SA (*),2031-08-15,2.0,di_spread,1.9458,1.6564,1.7655,"0,06","1,71","1,82","1039,334966","101,06","1157,98",35,1900-01-01,0.2893999999999999,-1.4761000000000002,-1.7106000000000001
781987,1720802,2023-10-27,CSAN23,COSAN SA (*),2031-08-15,2.0,di_spread,1.9474,1.6728,1.7846,"0,03","1,76","1,81","1038,955528","100,97","1151,26",45,1900-01-01,0.27459999999999996,-1.51,-1.7254
782828,1722483,2023-10-30,CSAN23,COSAN SA (*),2031-08-15,2.0,di_spread,1.9482,1.6583,1.7848,"0,05","1,74","1,83","1039,456488","100,96","1144,07",15,1900-01-01,0.2898999999999998,-1.4949000000000001,-1.7101000000000002
783667,1724161,2023-10-31,CSAN23,COSAN SA (*),2031-08-15,2.0,di_spread,1.9381,1.6498,1.7763,"0,03","1,74","1,81","1040,412401",101,"1142,91",5,1900-01-01,0.2883,-1.488,-1.7117
784506,1726678,2023-11-01,CSAN23,COSAN SA (*),2031-08-15,2.0,di_spread,1.9354,1.6616,1.7752,"0,06","1,72","1,83","1041,075615","101,01","1147,14",0,1900-01-01,0.27380000000000004,-1.5013999999999998,-1.7262
785344,1728354,2023-11-03,CSAN23,COSAN SA (*),2031-08-15,2.0,di_spread,1.9512,1.6658,1.7838,"0,03","1,75","1,82","1041,292645","100,97","1151,99",0,1900-01-01,0.2854000000000001,-1.4984,-1.7146
786182,1730030,2023-11-06,CSAN23,COSAN SA (*),2031-08-15,2.0,di_spread,1.9347,1.6644,1.7814,"0,05","1,73","1,83","1041,919914","100,98","1147,42",0,1900-01-01,0.2703,-1.5111,-1.7297
787020,1731706,2023-11-07,CSAN23,COSAN SA (*),2031-08-15,2.0,di_spread,1.9287,1.6678,1.775,"0,07","1,71","1,84","1042,804708","101,01","1150,81",35,1900-01-01,0.26090000000000013,-1.5140999999999998,-1.7390999999999999
787858,1733382,2023-11-08,CSAN23,COSAN SA (*),2031-08-15,2.0,di_spread,1.9386,1.6762,1.7755,"0,05","1,72","1,83","1043,342075","101,01","1151,26",10,1900-01-01,0.2624000000000002,-1.5131,-1.7375999999999998
788696,1735058,2023-11-09,CSAN23,COSAN SA (*),2031-08-15,2.0,di_spread,1.9135,1.6597,1.7601,"0,04","1,72","1,8","1044,604492","101,08","1149,79",5,1900-01-01,0.2538,-1.5063,-1.7462
789590,1736790,2023-11-10,CSAN23,COSAN S.A. (*),2031-08-15,2.0,di_spread,1.9076,1.6553,1.7182,"0,06","1,66","1,78","1047,148192","101,27",1152,0,1900-01-01,0.25229999999999997,-1.4659,-1.7477
790428,1737628,2023-11-13,CSAN23,COSAN S.A. (*),2031-08-15,2.0,di_spread,1.8334,1.6225,1.7103,"0,02","1,69","1,73","1048,065075","101,31",1151,0,1900-01-01,0.21089999999999987,-1.4994,-1.7891000000000001
791266,1738466,2023-11-14,CSAN23,COSAN S.A. (*),2031-08-15,2.0,di_spread,1.8596,1.603,1.7252,"0,07","1,66","1,79","1047,970862","101,24",1155,0,1900-01-01,0.25659999999999994,-1.4686000000000001,-1.7434
792104,1739304,2023-11-16,CSAN23,COSAN S.A. (*),2031-08-15,2.0,di_spread,1.8247,1.605,1.709,"0,06","1,65","1,77","1049,302554","101,32",1156,0,1900-01-01,0.2197,-1.4893,-1.7803
792942,1740979,2023-11-17,CSAN23,COSAN S.A. (*),2031-08-15,2.0,di_spread,1.8476,1.6274,1.7359,"0,05","1,69","1,79","1048,604174","101,2",1157,0,1900-01-01,0.22019999999999995,-1.5157,-1.7798
793901,1741938,2023-11-20,CSAN23,COSAN S.A. (*),2031-08-15,2.0,di_spread,1.8457,1.6111,1.7191,"0,02","1,7","1,74","1049,93056","101,27",1154,0,1900-01-01,0.23459999999999992,-1.4845000000000002,-1.7654
794616,1742653,2023-11-21,CSAN23,COSAN S.A. (*),2031-08-15,2.0,di_spread,1.8433,1.6236,1.71,"0,02","1,69","1,73","1050,872755","101,31",1151,0,1900-01-01,0.2197,-1.4903,-1.7803
795452,1743489,2023-11-22,CSAN23,COSAN S.A. (*),2031-08-15,2.0,di_spread,1.8461,1.5975,1.7094,"0,03","1,68","1,74","1051,475231","101,31",1152,0,1900-01-01,0.24860000000000015,-1.4607999999999999,-1.7513999999999998
796289,1744326,2023-11-23,CSAN23,COSAN S.A. (*),2031-08-15,2.0,di_spread,1.8481,1.611,1.7145,"0,04","1,67","1,76","1051,781055","101,29",1150,0,1900-01-01,0.2371000000000001,-1.4773999999999998,-1.7629
797126,1745163,2023-11-24,CSAN23,COSAN S.A. (*),2031-08-15,2.0,di_spread,1.8518,1.5857,1.7171,"0,03","1,69","1,75","1052,211579","101,27",1150,0,1900-01-01,0.2660999999999998,-1.4510000000000003,-1.7339000000000002
797971,1746008,2023-11-27,CSAN23,COSAN S.A. (*),2031-08-15,2.0,di_spread,1.8321,1.5837,1.709,"0,02","1,69","1,73","1053,177302","101,31",1152,0,1900-01-01,0.24839999999999995,-1.4606000000000001,-1.7516
798833,1746870,2023-11-28,CSAN23,COSAN S.A. (*),2031-08-15,2.0,di_spread,1.8302,1.5826,1.7062,"0,02","1,69","1,72","1053,875164","101,32",1152,0,1900-01-01,0.24760000000000004,-1.4586,-1.7524
799693,1747730,2023-11-29,CSAN23,COSAN S.A. (*),2031-08-15,2.0,di_spread,1.8031,1.5797,1.6926,"0,04","1,66","1,73","1055,092026","101,39",1153,0,1900-01-01,0.22339999999999982,-1.4692000000000003,-1.7766000000000002
800554,1748591,2023-11-30,CSAN23,COSAN S.A. (*),2031-08-15,2.0,di_spread,1.8081,1.5791,1.6975,"0,04","1,66","1,73","1055,418908","101,36",1152,0,1900-01-01,0.2290000000000001,-1.4685,-1.771
801418,1749455,2023-12-01,CSAN23,COSAN S.A. (*),2031-08-15,2.0,di_spread,1.8167,1.5585,1.6901,"0,04","1,65","1,73","1056,33257","101,4",1152,0,1900-01-01,0.2582,-1.4319,-1.7418
802280,1750317,2023-12-04,CSAN23,COSAN S.A. (*),2031-08-15,2.0,di_spread,1.8002,1.5788,1.6753,"0,05","1,62","1,73","1057,538428","101,46",1148,0,1900-01-01,0.22140000000000004,-1.4539,-1.7786
803530,1751567,2023-12-05,CSAN23,COSAN S.A. (*),2031-08-15,2.0,di_spread,1.7975,1.5292,1.662,"0,06","1,61","1,72","1058,716652","101,52",1147,0,1900-01-01,0.2683000000000002,-1.3936999999999997,-1.7316999999999998
804001,1752038,2023-12-06,CSAN23,COSAN S.A. (*),2031-08-15,2.0,di_spread,1.7757,1.4992,1.6394,"0,1","1,54","1,74","1060,375091","101,62",1149,0,1900-01-01,0.27649999999999997,-1.3629,-1.7235
804852,1752889,2023-12-07,CSAN23,COSAN S.A. (*),2031-08-15,2.0,di_spread,1.7838,1.5184,1.6379,"0,07","1,57","1,71","1061,000955","101,63",1148,0,1900-01-01,0.2654000000000001,-1.3724999999999998,-1.7346
805719,1753756,2023-12-08,CSAN23,COSAN S.A. (*),2031-08-15,2.0,di_spread,1.7821,1.5154,1.636,"0,08","1,56","1,71","1061,622582","101,63",1146,0,1900-01-01,0.26669999999999994,-1.3693,-1.7333
806575,1754612,2023-12-11,CSAN23,COSAN S.A. (*),2031-08-15,2.0,di_spread,1.791,1.4971,1.6376,"0,08","1,55","1,72","1062,105054","101,63",1145,0,1900-01-01,0.29389999999999983,-1.3437000000000001,-1.7061000000000002
807430,1755467,2023-12-12,CSAN23,COSAN S.A. (*),2031-08-15,2.0,di_spread,1.7736,1.4977,1.6285,"0,08","1,54","1,71","1063,117442","101,67",1146,0,1900-01-01,0.27590000000000003,-1.3526,-1.7241
808287,1756324,2023-12-13,CSAN23,COSAN S.A. (*),2031-08-15,2.0,di_spread,1.758,1.4936,1.623,"0,05","1,57","1,67","1063,992411","101,7",1149,0,1900-01-01,0.26439999999999997,-1.3586,-1.7356
809144,1757181,2023-12-14,CSAN23,COSAN S.A. (*),2031-08-15,2.0,di_spread,1.7639,1.479,1.6176,"0,04","1,57","1,66","1064,821141","101,72",1149,0,1900-01-01,0.28489999999999993,-1.3327,-1.7151
810000,1758037,2023-12-15,CSAN23,COSAN S.A. (*),2031-08-15,2.0,di_spread,1.7582,1.4842,1.6284,"0,04","1,59","1,67","1064,86559","101,68",1150,0,1900-01-01,0.274,-1.3544,-1.726
810853,1758890,2023-12-18,CSAN23,COSAN S.A. (*),2031-08-15,2.0,di_spread,1.7591,1.4991,1.6145,"0,09","1,53","1,7","1066,056917","101,74",1149,0,1900-01-01,0.26,-1.3545,-1.74
811706,1759743,2023-12-19,CSAN23,COSAN S.A. (*),2031-08-15,2.0,di_spread,1.7576,1.4785,1.6136,"0,04","1,57","1,66","1066,657575","101,74",1149,0,1900-01-01,0.2791000000000001,-1.3344999999999998,-1.7208999999999999
812559,1760596,2023-12-20,CSAN23,COSAN S.A. (*),2031-08-15,2.0,di_spread,1.7466,1.4803,1.6089,"0,06","1,55","1,67","1067,438167","101,76",1149,0,1900-01-01,0.2663,-1.3426,-1.7337
813424,1761461,2023-12-21,CSAN23,COSAN S.A. (*),2031-08-15,2.0,di_spread,1.75,1.4621,1.6017,"0,1","1,5","1,7","1068,310175","101,79",1148,0,1900-01-01,0.28790000000000004,-1.3137999999999999,-1.7121
814305,1762342,2023-12-22,CSAN23,COSAN S.A. (*),2031-08-15,2.0,di_spread,1.7485,1.4631,1.6081,"0,12","1,49","1,73","1068,545611","101,76",1147,0,1900-01-01,0.2853999999999999,-1.3227000000000002,-1.7146000000000001
815187,1763224,2023-12-26,CSAN23,COSAN S.A. (*),2031-08-15,2.0,di_spread,1.7582,1.4611,1.6061,"0,05","1,56","1,66","1069,146976","101,77",1145,0,1900-01-01,0.2970999999999999,-1.3090000000000002,-1.7029
816066,1764103,2023-12-27,CSAN23,COSAN S.A. (*),2031-08-15,2.0,di_spread,1.7848,1.4911,1.6328,"0,14","1,49","1,78","1068,425305","101,65",1144,0,1900-01-01,0.29369999999999985,-1.3391000000000002,-1.7063000000000001
816947,1764984,2023-12-28,CSAN23,COSAN S.A. (*),2031-08-15,2.0,di_spread,1.7498,1.4606,1.6285,"0,11","1,52","1,73","1069,137175","101,66",1142,0,1900-01-01,0.2892000000000001,-1.3393,-1.7107999999999999
817826,1765863,2024-01-02,CSAN23,COSAN S.A. (*),2031-08-15,2.0,di_spread,1.7841,1.4664,1.643,"0,13","1,52","1,77","1069,49995","101,59",1138,0,1900-01-01,0.3177000000000001,-1.3253,-1.6823
818708,1766745,2024-01-03,CSAN23,COSAN S.A. (*),2031-08-15,2.0,di_spread,1.7616,1.4807,1.612,"0,07","1,54","1,68","1071,499673","101,73",1137,0,1900-01-01,0.28090000000000015,-1.3311,-1.7190999999999999
819586,1767623,2024-01-04,CSAN23,COSAN S.A. (*),2031-08-15,2.0,di_spread,1.7576,1.4884,1.6196,"0,06","1,56","1,68","1071,654837","101,69",1134,0,1900-01-01,0.2692000000000001,-1.3503999999999998,-1.7308
820594,1768631,2024-01-05,CSAN23,COSAN S.A. (*),2031-08-15,2.0,di_spread,1.753,1.505,1.6233,"0,04","1,59","1,66","1072,015682","101,67",1133,0,1900-01-01,0.248,-1.3753,-1.752
821346,1769383,2024-01-08,CSAN23,COSAN S.A. (*),2031-08-15,2.0,di_spread,1.7555,1.504,1.6329,"0,1","1,53","1,73","1072,07794","101,63",1131,0,1900-01-01,0.25150000000000006,-1.3814,-1.7485
822227,1770264,2024-01-09,CSAN23,COSAN S.A. (*),2031-08-15,2.0,di_spread,1.7785,1.4908,1.6187,"0,1","1,52","1,72","1073,269808","101,69",1129,0,1900-01-01,0.28770000000000007,-1.331,-1.7123
823108,1771145,2024-01-10,CSAN23,COSAN S.A. (*),2031-08-15,2.0,di_spread,1.7577,1.481,1.6239,"0,06","1,57","1,68","1073,56053","101,66",1128,0,1900-01-01,0.27669999999999995,-1.3472,-1.7233
823986,1772023,2024-01-11,CSAN23,COSAN S.A. (*),2031-08-15,2.0,di_spread,1.7531,1.4832,1.6221,"0,03","1,59","1,66","1074,197071","101,67",1128,0,1900-01-01,0.26990000000000003,-1.3522,-1.7301
824867,1772904,2024-01-12,CSAN23,COSAN S.A. (*),2031-08-15,2.0,di_spread,1.7576,1.4804,1.6258,"0,04","1,59","1,66","1074,59477","101,66",1129,0,1900-01-01,0.2772000000000001,-1.3485999999999998,-1.7227999999999999
825746,1773783,2024-01-15,CSAN23,COSAN S.A. (*),2031-08-15,2.0,di_spread,1.7588,1.48,1.6231,"0,04","1,59","1,66","1075,26402","101,67",1128,0,1900-01-01,0.27879999999999994,-1.3443,-1.7212
826623,1774660,2024-01-16,CSAN23,COSAN S.A. (*),2031-08-15,2.0,di_spread,1.7504,1.4697,1.6214,"0,04","1,58","1,66","1075,807695","101,67",1122,0,1900-01-01,0.28069999999999995,-1.3407,-1.7193
827500,1775537,2024-01-17,CSAN23,COSAN S.A. (*),2031-08-15,2.0,di_spread,1.7267,1.4706,1.6083,"0,04","1,57","1,65","1076,953449","101,72",1121,0,1900-01-01,0.2561,-1.3522,-1.7439
828377,1776414,2024-01-18,CSAN23,COSAN S.A. (*),2031-08-15,2.0,di_spread,1.7353,1.4695,1.6086,"0,04","1,57","1,65","1077,489027","101,72",1120,0,1900-01-01,0.26580000000000004,-1.3428,-1.7342
829254,1777291,2024-01-19,CSAN23,COSAN S.A. (*),2031-08-15,2.0,di_spread,1.709,1.466,1.5958,"0,04","1,55","1,64","1078,643297","101,78",1120,0,1900-01-01,0.2430000000000001,-1.3528,-1.757
830130,1778167,2024-01-22,CSAN23,COSAN S.A. (*),2031-08-15,2.0,di_spread,1.7049,1.4669,1.5945,"0,05","1,55","1,64","1079,209356","101,78",1117,0,1900-01-01,0.238,-1.3565,-1.762
831005,1779042,2024-01-23,CSAN23,COSAN S.A. (*),2031-08-15,2.0,di_spread,1.7064,1.466,1.5878,"0,04","1,55","1,63","1080,079407","101,81",1117,0,1900-01-01,0.24039999999999995,-1.3474000000000002,-1.7596
831892,1779929,2024-01-24,CSAN23,COSAN S.A. (*),2031-08-15,2.0,di_spread,1.7,1.4624,1.5843,"0,05","1,54","1,63","1080,793344","101,82",1117,0,1900-01-01,0.23760000000000003,-1.3467,-1.7624
832796,1780833,2024-01-25,CSAN23,COSAN S.A. (*),2031-08-15,2.0,di_spread,1.6936,1.46,1.574,"0,02","1,55","1,6","1081,854841","101,87",1118,0,1900-01-01,0.23360000000000003,-1.3404,-1.7664
833704,1781741,2024-01-26,CSAN23,COSAN S.A. (*),2031-08-15,2.0,di_spread,1.6929,1.4729,1.5804,"0,05","1,53","1,63","1082,116368","101,84",1118,0,1900-01-01,0.21999999999999997,-1.3604,-1.78
834604,1782641,2024-01-29,CSAN23,COSAN S.A. (*),2031-08-15,2.0,di_spread,1.6974,1.4656,1.567,"0,05","1,52","1,62","1083,261298","101,9",1116,0,1900-01-01,0.2318,-1.3352,-1.7682
835508,1783545,2024-01-30,CSAN23,COSAN S.A. (*),2031-08-15,2.0,di_spread,1.6791,1.4804,1.5721,"0,06","1,52","1,63","1083,546154","101,87",1114,0,1900-01-01,0.1987000000000001,-1.3734,-1.8013
836413,1784450,2024-01-31,CSAN23,COSAN S.A. (*),2031-08-15,2.0,di_spread,1.6814,1.4733,1.5628,"0,04","1,53","1,6","1084,566672","101,91",1115,0,1900-01-01,0.20809999999999995,-1.3547,-1.7919
837315,1785352,2024-02-01,CSAN23,COSAN S.A. (*),2031-08-15,2.0,di_spread,1.6633,1.4712,1.5534,"0,06","1,49","1,61","1085,569813","101,96",1115,0,1900-01-01,0.19209999999999994,-1.3613,-1.8079
838216,1788055,2024-02-02,CSAN23,COSAN S.A. (*),2031-08-15,2.0,di_spread,1.6745,1.4716,1.5726,"0,05","1,52","1,63","1085,132978","101,86",1111,0,1900-01-01,0.20290000000000008,-1.3697,-1.7971
839117,1788956,2024-02-05,CSAN23,COSAN S.A. (*),2031-08-15,2.0,di_spread,1.6849,1.4791,1.5762,"0,04","1,54","1,61","1085,47102","101,84",1109,0,1900-01-01,0.20579999999999998,-1.3704,-1.7942
840018,1789857,2024-02-06,CSAN23,COSAN S.A. (*),2031-08-15,2.0,di_spread,1.6786,1.4715,1.5721,"0,04","1,54","1,61","1086,220962","101,86",1110,0,1900-01-01,0.20710000000000006,-1.365,-1.7929
840919,1790758,2024-02-07,CSAN23,COSAN S.A. (*),2031-08-15,2.0,di_spread,1.6667,1.4837,1.5674,"0,04","1,53","1,61","1086,957067","101,88",1109,0,1900-01-01,0.18300000000000005,-1.3843999999999999,-1.817
841820,1791659,2024-02-08,CSAN23,COSAN S.A. (*),2031-08-15,2.0,di_spread,1.6788,1.4685,1.5647,"0,04","1,52","1,61","1087,568145","101,89",1106,0,1900-01-01,0.21030000000000015,-1.3543999999999998,-1.7896999999999998
842723,1792562,2024-02-09,CSAN23,COSAN S.A. (*),2031-08-15,2.0,di_spread,1.6692,1.4621,1.5542,"0,06","1,5","1,61","1088,583904","101,93",1105,0,1900-01-01,0.20710000000000006,-1.3471,-1.7929
843620,1794360,2024-02-15,CSAN23,COSAN S.A. (*),2031-08-15,2.0,di_spread,1.6768,1.4547,1.5451,"0,06","1,49","1,61","1021,024221","102,1",1176,0,1900-01-01,0.22209999999999996,-1.323,-1.7779
844517,1795257,2024-02-14,CSAN23,COSAN S.A. (*),2031-08-15,2.0,di_spread,1.7004,1.4624,1.5598,"0,06","1,5","1,62","1088,80806","101,9",1102,0,1900-01-01,0.238,-1.3218,-1.762
845416,1796156,2024-02-16,CSAN23,COSAN S.A. (*),2031-08-15,2.0,di_spread,1.6615,1.4558,1.5636,"0,03","1,54","1,59","1020,628867","102,01",1173,0,1900-01-01,0.2057,-1.3579,-1.7943
846350,1797090,2024-02-19,CSAN23,COSAN S.A. (*),2031-08-15,2.0,di_spread,1.6697,1.4584,1.546,"0,04","1,51","1,59","1021,953575","102,09",1173,0,1900-01-01,0.21130000000000004,-1.3347,-1.7887
847213,1797953,2024-02-20,CSAN23,COSAN S.A. (*),2031-08-15,2.0,di_spread,1.6591,1.456,1.5395,"0,03","1,51","1,57","1022,775155","102,12",1174,0,1900-01-01,0.20310000000000006,-1.3364,-1.7969
848103,1798843,2024-02-21,CSAN23,COSAN S.A. (*),2031-08-15,2.0,di_spread,1.6568,1.4505,1.5313,"0,03","1,51","1,56","1023,658428","102,16",1173,0,1900-01-01,0.20630000000000015,-1.325,-1.7936999999999999
848994,1799734,2024-02-22,CSAN23,COSAN S.A. (*),2031-08-15,2.0,di_spread,1.6663,1.45,1.5554,"0,04","1,52","1,59","1022,988067","102,04",1170,0,1900-01-01,0.21629999999999994,-1.3391,-1.7837
849887,1800627,2024-02-23,CSAN23,COSAN S.A. (*),2031-08-15,2.0,di_spread,1.649,1.45,1.537,"0,04","1,5","1,58","1024,330996","102,13",1169,0,1900-01-01,0.19900000000000007,-1.3379999999999999,-1.801
850785,1801525,2024-02-26,CSAN23,COSAN S.A. (*),2031-08-15,2.0,di_spread,1.6562,1.4502,1.5367,"0,02","1,52","1,56","1024,799646","102,12",1166,0,1900-01-01,0.20599999999999996,-1.3307,-1.794
851694,1802434,2024-02-27,CSAN23,COSAN S.A. (*),2031-08-15,2.0,di_spread,1.6693,1.4583,1.5209,"0,04","1,48","1,56","1026,069367","102,2",1167,0,1900-01-01,0.21100000000000008,-1.3098999999999998,-1.789
852601,1803341,2024-02-28,CSAN23,COSAN S.A. (*),2031-08-15,2.0,di_spread,1.6381,1.4479,1.5202,"0,03","1,49","1,55","1026,578009","102,2",1165,0,1900-01-01,0.19019999999999992,-1.33,-1.8098
853509,1804249,2024-02-29,CSAN23,COSAN S.A. (*),2031-08-15,2.0,di_spread,1.6453,1.4459,1.5226,"0,02","1,5","1,54","1026,9931","102,19",1166,0,1900-01-01,0.19940000000000002,-1.3232,-1.8006
854417,1805157,2024-03-01,CSAN23,COSAN S.A. (*),2031-08-15,2.0,di_spread,1.6542,1.4336,1.5201,"0,02","1,5","1,54","1027,622558","102,2",1166,0,1900-01-01,0.2205999999999999,-1.2995,-1.7794
855325,1806065,2024-03-04,CSAN23,COSAN S.A. (*),2031-08-15,2.0,di_spread,1.6419,1.4325,1.5226,"0,02","1,5","1,55","1028,001087","102,19",1165,0,1900-01-01,0.2093999999999998,-1.3132000000000001,-1.7906000000000002
856233,1806973,2024-03-05,CSAN23,COSAN S.A. (*),2031-08-15,2.0,di_spread,1.6367,1.4462,1.5204,"0,02","1,5","1,54","1028,62856","102,2",1166,0,1900-01-01,0.1905000000000001,-1.3298999999999999,-1.8094999999999999
857141,1807881,2024-03-06,CSAN23,COSAN S.A. (*),2031-08-15,2.0,di_spread,1.6252,1.4419,1.517,"0,02","1,5","1,53","1029,275523","102,21",1165,0,1900-01-01,0.18330000000000002,-1.3336999999999999,-1.8167
858047,1808787,2024-03-07,CSAN23,COSAN S.A. (*),2031-08-15,2.0,di_spread,1.6567,1.4456,1.5187,"0,02","1,5","1,54","1029,67338","102,2",1163,0,1900-01-01,0.21110000000000007,-1.3075999999999999,-1.7889
859267,1810007,2024-03-08,CSAN23,COSAN S.A. (*),2031-08-15,2.0,di_spread,1.6386,1.4477,1.5201,"0,02","1,5","1,54","1030,05742","102,19",1159,0,1900-01-01,0.19090000000000007,-1.3292,-1.8091
859861,1810601,2024-03-11,CSAN23,COSAN S.A. (*),2031-08-15,2.0,di_spread,1.6388,1.4331,1.5179,"0,02","1,49","1,54","1030,674702","102,2",1160,0,1900-01-01,0.2057,-1.3122,-1.7943
860768,1811508,2024-03-12,CSAN23,COSAN S.A. (*),2031-08-15,2.0,di_spread,1.628,1.4219,1.51,"0,02","1,49","1,53","1031,541979","102,23",1159,0,1900-01-01,0.20609999999999995,-1.3039,-1.7939
861678,1812418,2024-03-13,CSAN23,COSAN S.A. (*),2031-08-15,2.0,di_spread,1.6335,1.4053,1.506,"0,04","1,46","1,55","1032,23026","102,25",1158,0,1900-01-01,0.22819999999999996,-1.2778,-1.7718
862582,1813322,2024-03-14,CSAN23,COSAN S.A. (*),2031-08-15,2.0,di_spread,1.6387,1.3908,1.5082,"0,05","1,46","1,56","1032,555937","102,23",1154,0,1900-01-01,0.2479,-1.2603,-1.7521
863486,1814226,2024-03-15,CSAN23,COSAN S.A. (*),2031-08-15,2.0,di_spread,1.6253,1.4,1.5069,"0,02","1,48","1,53","1033,059855","102,23",1150,0,1900-01-01,0.22530000000000006,-1.2815999999999999,-1.7747
864390,1815130,2024-03-18,CSAN23,COSAN S.A. (*),2031-08-15,2.0,di_spread,1.6286,1.4,1.5096,"0,04","1,47","1,55","1033,404389","102,21",1148,0,1900-01-01,0.22860000000000014,-1.281,-1.7713999999999999
865294,1816034,2024-03-19,CSAN23,COSAN S.A. (*),2031-08-15,2.0,di_spread,1.6358,1.3752,1.4982,"0,01","1,49","1,51","1034,46262","102,27",1149,0,1900-01-01,0.26059999999999994,-1.2376,-1.7394
866197,1816937,2024-03-20,CSAN23,COSAN S.A. (*),2031-08-15,2.0,di_spread,1.6204,1.4011,1.5017,"0,02","1,48","1,53","1034,826852","102,25",1149,0,1900-01-01,0.21930000000000005,-1.2824,-1.7807
867097,1817837,2024-03-21,CSAN23,COSAN S.A. (*),2031-08-15,2.0,di_spread,1.6153,1.3782,1.4937,"0,01","1,48","1,51","1035,673217","102,29",1148,0,1900-01-01,0.23709999999999987,-1.2566000000000002,-1.7629000000000001
867998,1818738,2024-03-22,CSAN23,COSAN S.A. (*),2031-08-15,2.0,di_spread,1.6111,1.4012,1.4936,"0,01","1,48","1,51","1036,138781","102,28",1146,0,1900-01-01,0.20989999999999998,-1.2837,-1.7901
868908,1819648,2024-03-25,CSAN23,COSAN S.A. (*),2031-08-15,2.0,di_spread,1.6181,1.3724,1.4946,"0,01","1,48","1,51","1036,597202","102,28",1146,0,1900-01-01,0.24570000000000003,-1.2489,-1.7543
869830,1820570,2024-03-26,CSAN23,COSAN S.A. (*),2031-08-15,2.0,di_spread,1.6182,1.3715,1.4928,"0,01","1,48","1,5","1037,128458","102,28",1144,0,1900-01-01,0.24670000000000014,-1.2460999999999998,-1.7532999999999999
870743,1821483,2024-03-27,CSAN23,COSAN S.A. (*),2031-08-15,2.0,di_spread,1.6179,1.3712,1.4915,"0,01","1,48","1,5","1037,653757","102,28",1142,0,1900-01-01,0.24669999999999992,-1.2448000000000001,-1.7533
871659,1822399,2024-03-28,CSAN23,COSAN S.A. (*),2031-08-15,2.0,di_spread,1.6365,1.3684,1.5025,"0,02","1,49","1,52","1037,615231","102,23",1141,0,1900-01-01,0.2681,-1.2344,-1.7319
872575,1823315,2024-04-01,CSAN23,COSAN S.A. (*),2031-08-15,2.0,di_spread,1.6474,1.3763,1.5307,"0,04","1,49","1,57","1036,753876","102,1",1137,0,1900-01-01,0.2710999999999999,-1.2596,-1.7289
873489,1824229,2024-04-02,CSAN23,COSAN S.A. (*),2031-08-15,2.0,di_spread,1.6438,1.3835,1.5153,"0,02","1,5","1,54","1037,913211","102,16",1135,0,1900-01-01,0.2603,-1.2550000000000001,-1.7397
874403,1825143,2024-04-03,CSAN23,COSAN S.A. (*),2031-08-15,2.0,di_spread,1.6366,1.3796,1.5089,"0,02","1,49","1,53","1038,676852","102,19",1134,0,1900-01-01,0.2570000000000001,-1.2518999999999998,-1.7429999999999999
875318,1826058,2024-04-04,CSAN23,COSAN S.A. (*),2031-08-15,2.0,di_spread,1.6314,1.3765,1.5007,"0,01","1,49","1,51","1039,53673","102,22",1133,0,1900-01-01,0.2548999999999999,-1.2458,-1.7451
876231,1826971,2024-04-05,CSAN23,COSAN S.A. (*),2031-08-15,2.0,di_spread,1.6276,1.3779,1.5073,"0,02","1,48","1,53","1039,656127","102,19",1129,0,1900-01-01,0.24970000000000003,-1.2576,-1.7503
877145,1827885,2024-04-08,CSAN23,COSAN S.A. (*),2031-08-15,2.0,di_spread,1.6318,1.375,1.5034,"0,02","1,49","1,52","1040,320266","102,2",1128,0,1900-01-01,0.2567999999999999,-1.2466000000000002,-1.7432
878058,1828798,2024-04-09,CSAN23,COSAN S.A. (*),2031-08-15,2.0,di_spread,1.6237,1.3766,1.496,"0,01","1,48","1,51","1041,177146","102,24",1129,0,1900-01-01,0.24709999999999988,-1.2489000000000001,-1.7529000000000001
878971,1829711,2024-04-10,CSAN23,COSAN S.A. (*),2031-08-15,2.0,di_spread,1.6125,1.3837,1.4952,"0,01","1,48","1,51","1041,60288","102,23",1124,0,1900-01-01,0.22880000000000011,-1.2664,-1.7711999999999999
879882,1833355,2024-04-11,CSAN23,COSAN S.A. (*),2031-08-15,2.0,di_spread,1.6139,1.3983,1.4969,"0,02","1,47","1,52","1041,981509","102,22",1122,0,1900-01-01,0.2155999999999998,-1.2813,-1.7844000000000002
880793,1834266,2024-04-12,CSAN23,COSAN S.A. (*),2031-08-15,2.0,di_spread,1.6104,1.3763,1.4989,"0,02","1,48","1,52","1042,353416","102,21",1120,0,1900-01-01,0.23409999999999997,-1.2648,-1.7659
881703,1835176,2024-04-15,CSAN23,COSAN S.A. (*),2031-08-15,2.0,di_spread,1.6201,1.3845,1.4959,"0,02","1,47","1,52","1042,874836","102,21",1114,0,1900-01-01,0.23560000000000003,-1.2603,-1.7644
882605,1836078,2024-04-16,CSAN23,COSAN S.A. (*),2031-08-15,2.0,di_spread,1.6165,1.3673,1.4876,"0,02","1,46","1,51","1043,590261","102,23",1107,0,1900-01-01,0.2492000000000001,-1.2384,-1.7508
883511,1836984,2024-04-17,CSAN23,COSAN S.A. (*),2031-08-15,2.0,di_spread,1.6036,1.3693,1.4852,"0,02","1,47","1,5","1044,210705","102,24",1107,0,1900-01-01,0.23429999999999995,-1.2509000000000001,-1.7657
884408,1837881,2024-04-18,CSAN23,COSAN S.A. (*),2031-08-15,2.0,di_spread,1.6057,1.3574,1.486,"0,02","1,47","1,5","1044,685544","102,24",1108,0,1900-01-01,0.24829999999999997,-1.2377,-1.7517
885311,1838784,2024-04-19,CSAN23,COSAN S.A. (*),2031-08-15,2.0,di_spread,1.6315,1.3713,1.5051,"0,03","1,48","1,53","1044,385453","102,16",1110,0,1900-01-01,0.2602,-1.2449000000000001,-1.7398
886211,1839684,2024-04-22,CSAN23,COSAN S.A. (*),2031-08-15,2.0,di_spread,1.63,1.3742,1.5012,0,"1,5","1,5","1045,045658","102,18",1109,0,1900-01-01,0.2557999999999998,-1.2454000000000003,-1.7442000000000002
887108,1840581,2024-04-23,CSAN23,COSAN S.A. (*),2031-08-15,2.0,di_spread,1.6264,1.3856,1.5014,"0,01","1,49","1,51","1045,513009","102,17",1108,0,1900-01-01,0.24080000000000013,-1.2606,-1.7591999999999999
888018,1841491,2024-04-24,CSAN23,COSAN S.A. (*),2031-08-15,2.0,di_spread,1.6228,1.3727,1.5056,"0,02","1,49","1,52","1045,750765","102,15",1105,0,1900-01-01,0.2501,-1.2555,-1.7499
888941,1842414,2024-04-25,CSAN23,COSAN S.A. (*),2031-08-15,2.0,di_spread,1.6248,1.375,1.5003,"0,02","1,48","1,52","1046,447295","102,17",1102,0,1900-01-01,0.24980000000000002,-1.2505,-1.7502
889902,1843375,2024-04-26,CSAN23,COSAN S.A. (*),2031-08-15,2.0,di_spread,1.6183,1.3709,1.4952,"0,02","1,47","1,52","1047,221033","102,19",1104,0,1900-01-01,0.24740000000000006,-1.2478,-1.7526
890783,1844256,2024-04-29,CSAN23,COSAN S.A. (*),2031-08-15,2.0,di_spread,1.6167,1.3642,1.4896,"0,02","1,47","1,51","1047,977129","102,22",1104,0,1900-01-01,0.25249999999999995,-1.2371,-1.7475
891926,1845399,2024-04-30,CSAN23,COSAN S.A. (*),2031-08-15,2.0,di_spread,1.6071,1.3722,1.4873,"0,02","1,47","1,5","1048,454761","102,21",1098,0,1900-01-01,0.2348999999999999,-1.2524000000000002,-1.7651000000000001
892658,1846131,2024-05-02,CSAN23,COSAN S.A. (*),2031-08-15,2.0,di_spread,1.6304,1.3713,1.4946,"0,03","1,47","1,52","1048,724196","102,19",1103,0,1900-01-01,0.2591000000000001,-1.2354999999999998,-1.7409
893536,1847009,2024-05-03,CSAN23,COSAN S.A. (*),2031-08-15,2.0,di_spread,1.6245,1.3994,1.5077,"0,04","1,47","1,54","1048,677418","102,14",1105,0,1900-01-01,0.22510000000000008,-1.2826,-1.7749
894493,1847966,2024-05-06,CSAN23,COSAN S.A. (*),2031-08-15,2.0,di_spread,1.5923,1.3751,1.4846,"0,03","1,45","1,52","1050,157883","102,23",1102,0,1900-01-01,0.21720000000000006,-1.2673999999999999,-1.7828
895368,1848841,2024-05-07,CSAN23,COSAN S.A. (*),2031-08-15,2.0,di_spread,1.5839,1.3689,1.4788,"0,03","1,45","1,51","1050,921996","102,26",1102,0,1900-01-01,0.21500000000000008,-1.2637999999999998,-1.785
896321,1849794,2024-05-08,CSAN23,COSAN S.A. (*),2031-08-15,2.0,di_spread,1.5911,1.3685,1.4733,"0,03","1,44","1,5","1051,608267","102,28",1099,0,1900-01-01,0.2225999999999999,-1.2507000000000001,-1.7774
897200,1850673,2024-05-10,CSAN23,COSAN S.A. (*),2031-08-15,2.0,di_spread,1.6317,1.3649,1.5013,"0,04","1,46","1,54","1051,213485","102,14",1092,0,1900-01-01,0.2667999999999999,-1.2345000000000002,-1.7332
898111,1851584,2024-05-13,CSAN23,COSAN S.A. (*),2031-08-15,2.0,di_spread,1.615,1.3693,1.4952,"0,03","1,47","1,52","1051,962185","102,16",1091,0,1900-01-01,0.24570000000000003,-1.2495,-1.7543
899022,1852495,2024-05-14,CSAN23,COSAN S.A. (*),2031-08-15,2.0,di_spread,1.6102,1.3587,1.4748,"0,05","1,42","1,53","1053,395356","102,26",1092,0,1900-01-01,0.25150000000000006,-1.2233,-1.7485
899929,1853402,2024-05-15,CSAN23,COSAN S.A. (*),2031-08-15,2.0,di_spread,1.611,1.3379,1.4702,"0,04","1,43","1,51","1054,098525","102,28",1092,0,1900-01-01,0.2730999999999999,-1.1971,-1.7269
901072,1854545,2024-05-16,CSAN23,COSAN S.A. (*),2031-08-15,2.0,di_spread,1.6149,1.3446,1.4715,"0,05","1,42","1,52","1054,502797","102,27",1091,0,1900-01-01,0.2703,-1.2012,-1.7297
901739,1855212,2024-05-17,CSAN23,COSAN S.A. (*),2031-08-15,2.0,di_spread,1.6116,1.3392,1.4688,"0,05","1,42","1,52","1055,041243","102,27",1087,0,1900-01-01,0.2724,-1.1964000000000001,-1.7276
902645,1856118,2024-05-09,CSAN23,COSAN S.A. (*),2031-08-15,2.0,di_spread,1.6152,1.3643,1.4769,"0,03","1,45","1,51","1051,873793","102,25",1095,0,1900-01-01,0.2508999999999999,-1.2260000000000002,-1.7491
903560,1857033,2024-05-20,CSAN23,COSAN S.A. (*),2031-08-15,2.0,di_spread,1.6099,1.3392,1.4705,"0,05","1,42","1,52","1055,416465","102,26",1085,0,1900-01-01,0.27070000000000016,-1.1997999999999998,-1.7292999999999998
904463,1857936,2024-05-21,CSAN23,COSAN S.A. (*),2031-08-15,2.0,di_spread,1.6065,1.339,1.4707,"0,05","1,42","1,52","1055,909007","102,26",1085,0,1900-01-01,0.26750000000000007,-1.2031999999999998,-1.7325
905367,1858840,2024-05-22,CSAN23,COSAN S.A. (*),2031-08-15,2.0,di_spread,1.6005,1.3397,1.4599,"0,06","1,4","1,52","1056,798244","102,3",1081,0,1900-01-01,0.26080000000000014,-1.1990999999999998,-1.7391999999999999
906269,1859742,2024-05-23,CSAN23,COSAN S.A. (*),2031-08-15,2.0,di_spread,1.5939,1.324,1.4531,"0,05","1,4","1,5","1057,620448","102,33",1082,0,1900-01-01,0.26990000000000003,-1.1832,-1.7301
907170,1860643,2024-05-24,CSAN23,COSAN S.A. (*),2031-08-15,2.0,di_spread,1.582,1.3206,1.437,"0,07","1,37","1,5","1058,791416","102,39",1080,0,1900-01-01,0.2614000000000001,-1.1756,-1.7386
908076,1861549,2024-05-27,CSAN23,COSAN S.A. (*),2031-08-15,2.0,di_spread,1.5767,1.318,1.4401,"0,07","1,37","1,51","1059,1828","102,38",1081,0,1900-01-01,0.25869999999999993,-1.1814,-1.7413
909017,1862490,2024-05-28,CSAN23,COSAN S.A. (*),2031-08-15,2.0,di_spread,1.601,1.3215,1.4427,"0,07","1,37","1,51","1059,540751","102,37",1080,0,1900-01-01,0.2795000000000001,-1.1632,-1.7205
909954,1863427,2024-05-29,CSAN23,COSAN S.A. (*),2031-08-15,2.0,di_spread,1.6076,1.3211,1.4431,"0,07","1,37","1,52","1059,881688","102,35",1074,0,1900-01-01,0.2865,-1.1566,-1.7135
910893,1864366,2024-05-31,CSAN23,COSAN S.A. (*),2031-08-15,2.0,di_spread,1.5726,1.3243,1.4365,"0,07","1,37","1,51","1060,703607","102,38",1075,0,1900-01-01,0.24829999999999997,-1.1882000000000001,-1.7517
911872,1865345,2024-06-03,CSAN23,COSAN S.A. (*),2031-08-15,2.0,di_spread,1.5963,1.3167,1.426,"0,07","1,36","1,49","1061,643642","102,43",1074,0,1900-01-01,0.27960000000000007,-1.1463999999999999,-1.7204
912773,1866246,2024-06-04,CSAN23,COSAN S.A. (*),2031-08-15,2.0,di_spread,1.5657,1.3173,1.4282,"0,06","1,37","1,49","1062,003955","102,41",1073,0,1900-01-01,0.24840000000000018,-1.1797999999999997,-1.7515999999999998
913702,1867175,2024-06-05,CSAN23,COSAN S.A. (*),2031-08-15,2.0,di_spread,1.572,1.3126,1.4376,"0,07","1,37","1,51","1062,051776","102,37",1071,0,1900-01-01,0.2594000000000001,-1.1782,-1.7406
914634,1868107,2024-06-06,CSAN23,COSAN S.A. (*),2031-08-15,2.0,di_spread,1.5524,1.3143,1.3952,"0,07","1,32","1,47","1064,464432","102,55",1072,0,1900-01-01,0.23809999999999998,-1.1571,-1.7619
915565,1869038,2024-06-07,CSAN23,COSAN S.A. (*),2031-08-15,2.0,di_spread,1.5255,1.3134,1.393,"0,08","1,32","1,47","1064,765816","102,53",1061,0,1900-01-01,0.21210000000000018,-1.1808999999999998,-1.7878999999999998
916497,1869970,2024-06-10,CSAN23,COSAN S.A. (*),2031-08-15,2.0,di_spread,1.5361,1.3021,1.3921,"0,07","1,32","1,46","1065,327749","102,54",1061,0,1900-01-01,0.23399999999999999,-1.1581,-1.766
917424,1870897,2024-06-11,CSAN23,COSAN S.A. (*),2031-08-15,2.0,di_spread,1.5271,1.3,1.3854,"0,07","1,31","1,46","1066,154887","102,57",1063,0,1900-01-01,0.22709999999999986,-1.1583,-1.7729000000000001
918357,1871830,2024-06-12,CSAN23,COSAN S.A. (*),2031-08-15,2.0,di_spread,1.5489,1.3013,1.4061,"0,07","1,34","1,47","1065,59516","102,47",1056,0,1900-01-01,0.24760000000000004,-1.1584999999999999,-1.7524
919272,1873169,2024-06-13,CSAN23,COSAN S.A. (*),2031-08-15,2.0,di_spread,1.5165,1.3,1.3866,"0,06","1,33","1,44","1066,980445","102,55",1058,0,1900-01-01,0.21649999999999991,-1.1701000000000001,-1.7835
920197,1874094,2024-06-14,CSAN23,COSAN S.A. (*),2031-08-15,2.0,di_spread,1.4861,1.3,1.3634,"0,06","1,3","1,43","1068,547256","102,66",1059,0,1900-01-01,0.18609999999999993,-1.1773,-1.8139
921434,1875331,2024-06-17,CSAN23,COSAN S.A. (*),2031-08-15,2.0,di_spread,1.4957,1.3,1.3574,"0,06","1,3","1,42","1069,254182","102,68",1057,0,1900-01-01,0.19569999999999999,-1.1617,-1.8043
922042,1875939,2024-06-18,CSAN23,COSAN S.A. (*),2031-08-15,2.0,di_spread,1.4866,1.3,1.3537,"0,06","1,29","1,42","1069,876585","102,69",1055,0,1900-01-01,0.18659999999999988,-1.1671,-1.8134000000000001
922961,1876858,2024-06-19,CSAN23,COSAN S.A. (*),2031-08-15,2.0,di_spread,1.4796,1.3,1.3504,"0,09","1,27","1,44","1070,477471","102,7",1054,0,1900-01-01,0.17959999999999998,-1.1708,-1.8204
923878,1877775,2024-06-20,CSAN23,COSAN S.A. (*),2031-08-15,2.0,di_spread,1.5193,1.3,1.3608,"0,08","1,28","1,44","1070,518722","102,65",1053,0,1900-01-01,0.21930000000000005,-1.1415,-1.7807
924798,1878695,2024-06-21,CSAN23,COSAN S.A. (*),2031-08-15,2.0,di_spread,1.4729,1.2968,1.3465,"0,08","1,26","1,43","1071,685412","102,72",1055,0,1900-01-01,0.17610000000000015,-1.1703999999999999,-1.8238999999999999
925764,1879661,2024-06-24,CSAN23,COSAN S.A. (*),2031-08-15,2.0,di_spread,1.5029,1.2902,1.3465,"0,1","1,24","1,45","1072,212834","102,72",1055,0,1900-01-01,0.2126999999999999,-1.1338000000000001,-1.7873
926677,1880574,2024-06-25,CSAN23,COSAN S.A. (*),2031-08-15,2.0,di_spread,1.5073,1.2887,1.3432,"0,1","1,25","1,44","1072,790565","102,73",1053,0,1900-01-01,0.21860000000000013,-1.1245999999999998,-1.7813999999999999
927672,1881569,2024-06-26,CSAN23,COSAN S.A. (*),2031-08-15,2.0,di_spread,1.4485,1.2552,1.3314,"0,04","1,29","1,37","1073,710941","102,76",1049,0,1900-01-01,0.1932999999999998,-1.1381000000000001,-1.8067000000000002
928586,1882483,2024-06-27,CSAN23,COSAN S.A. (*),2031-08-15,2.0,di_spread,1.4809,1.25,1.3472,"0,04","1,3","1,39","1073,463099","102,69",1047,0,1900-01-01,0.2309000000000001,-1.1162999999999998,-1.7691
929535,1883432,2024-06-28,CSAN23,COSAN S.A. (*),2031-08-15,2.0,di_spread,1.4619,1.2331,1.3218,"0,04","1,28","1,37","1074,936691","102,79",1042,0,1900-01-01,0.2287999999999999,-1.0930000000000002,-1.7712
930483,1884380,2024-07-01,CSAN23,COSAN S.A. (*),2031-08-15,2.0,di_spread,1.454,1.2419,1.3163,"0,04","1,27","1,36","1075,591177","102,8",1039,0,1900-01-01,0.21209999999999996,-1.1042,-1.7879
931430,1885327,2024-07-02,CSAN23,COSAN S.A. (*),2031-08-15,2.0,di_spread,1.4799,1.2256,1.3142,"0,06","1,25","1,37","1076,182925","102,81",1038,0,1900-01-01,0.25429999999999997,-1.0599,-1.7457
932376,1886273,2024-07-03,CSAN23,COSAN S.A. (*),2031-08-15,2.0,di_spread,1.4261,1.2415,1.3037,"0,03","1,28","1,33","1077,226316","102,86",1041,0,1900-01-01,0.18459999999999988,-1.1191000000000002,-1.8154000000000001
933321,1887218,2024-07-04,CSAN23,COSAN S.A. (*),2031-08-15,2.0,di_spread,1.4212,1.2067,1.2987,"0,02","1,28","1,32","1078,06532","102,89",1045,0,1900-01-01,0.2144999999999999,-1.0842,-1.7855
934346,1888243,2024-07-05,CSAN23,COSAN S.A. (*),2031-08-15,2.0,di_spread,1.4214,1.2339,1.3005,"0,03","1,27","1,33","1078,502285","102,88",1045,0,1900-01-01,0.1875,-1.113,-1.8125
935213,1889110,2024-07-08,CSAN23,COSAN S.A. (*),2031-08-15,2.0,di_spread,1.4239,1.1913,1.2936,"0,04","1,26","1,33","1079,290937","102,91",1044,0,1900-01-01,0.23259999999999992,-1.0610000000000002,-1.7674
936159,1890056,2024-07-09,CSAN23,COSAN S.A. (*),2031-08-15,2.0,di_spread,1.4196,1.2,1.2841,"0,04","1,24","1,33","1080,242265","102,95",1045,0,1900-01-01,0.21960000000000002,-1.0645,-1.7804
937145,1891042,2024-07-10,CSAN23,COSAN S.A. (*),2031-08-15,2.0,di_spread,1.408,1.1952,1.2812,"0,04","1,24","1,32","1080,966573","102,97",1048,0,1900-01-01,0.21279999999999988,-1.0684,-1.7872000000000001
938050,1891947,2024-07-11,CSAN23,COSAN S.A. (*),2031-08-15,2.0,di_spread,1.3863,1.1835,1.2768,"0,05","1,23","1,32","1081,667275","102,99",1048,0,1900-01-01,0.2028000000000001,-1.0739999999999998,-1.7972
938995,1892892,2024-07-12,CSAN23,COSAN S.A. (*),2031-08-15,2.0,di_spread,1.3945,1.1986,1.2777,"0,05","1,23","1,32","1082,078418","102,98",1046,0,1900-01-01,0.19589999999999996,-1.0818,-1.8041
939938,1893835,2024-07-15,CSAN23,COSAN S.A. (*),2031-08-15,2.0,di_spread,1.3866,1.1839,1.2762,"0,05","1,23","1,32","1082,55087","102,98",1043,0,1900-01-01,0.2027000000000001,-1.0735,-1.7973
940880,1894777,2024-07-16,CSAN23,COSAN S.A. (*),2031-08-15,2.0,di_spread,1.3844,1.1815,1.275,"0,05","1,23","1,32","1083,117438","102,98",1043,0,1900-01-01,0.20290000000000008,-1.0720999999999998,-1.7971
941863,1895760,2024-07-17,CSAN23,COSAN S.A. (*),2031-08-15,2.0,di_spread,1.3962,1.1746,1.2775,"0,04","1,23","1,32","1083,444842","102,97",1041,0,1900-01-01,0.22160000000000002,-1.0559,-1.7784
942764,1896661,2024-07-18,CSAN23,COSAN S.A. (*),2031-08-15,2.0,di_spread,1.3594,1.1831,1.2745,"0,03","1,24","1,31","1083,928529","102,96",1035,0,1900-01-01,0.1762999999999999,-1.0982,-1.8237
943706,1897603,2024-07-19,CSAN23,COSAN S.A. (*),2031-08-15,2.0,di_spread,1.398,1.1755,1.2761,"0,03","1,25","1,31","1084,311716","102,95",1034,0,1900-01-01,0.22249999999999992,-1.0536,-1.7775
944650,1898547,2024-07-22,CSAN23,COSAN S.A. (*),2031-08-15,2.0,di_spread,1.4111,1.1986,1.2777,"0,05","1,22","1,33","1084,770472","102,95",1034,0,1900-01-01,0.2124999999999999,-1.0652000000000001,-1.7875
945588,1899485,2024-07-23,CSAN23,COSAN S.A. (*),2031-08-15,2.0,di_spread,1.3875,1.184,1.2793,"0,04","1,24","1,32","1085,085923","102,93",1030,0,1900-01-01,0.20350000000000001,-1.0758,-1.7965
946607,1900504,2024-07-24,CSAN23,COSAN S.A. (*),2031-08-15,2.0,di_spread,1.353,1.1988,1.2708,"0,03","1,24","1,3","1085,908263","102,96",1028,0,1900-01-01,0.1541999999999999,-1.1166,-1.8458
947478,1901375,2024-07-25,CSAN23,COSAN S.A. (*),2031-08-15,2.0,di_spread,1.3821,1.1721,1.273,"0,03","1,24","1,31","1086,201569","102,94",1024,0,1900-01-01,0.2100000000000002,-1.0629999999999997,-1.7899999999999998
948455,1902352,2024-07-26,CSAN23,COSAN S.A. (*),2031-08-15,2.0,di_spread,1.3666,1.172,1.271,"0,03","1,24","1,3","1086,845468","102,95",1026,0,1900-01-01,0.1946000000000001,-1.0763999999999998,-1.8054
949432,1903329,2024-07-29,CSAN23,COSAN S.A. (*),2031-08-15,2.0,di_spread,1.3842,1.1804,1.2711,"0,04","1,24","1,31","1087,287311","102,94",1023,0,1900-01-01,0.2038000000000002,-1.0672999999999997,-1.7961999999999998
950412,1905286,2024-07-30,CSAN23,COSAN S.A. (*),2031-08-15,2.0,di_spread,1.3844,1.1727,1.2748,"0,03","1,24","1,31","1087,649872","102,93",1024,0,1900-01-01,0.2117,-1.0631,-1.7883
951387,1906261,2024-07-31,CSAN23,COSAN S.A. (*),2031-08-15,2.0,di_spread,1.3844,1.1727,1.2738,"0,03","1,24","1,31","1088,250047","102,94",1025,0,1900-01-01,0.2117,-1.0621,-1.7883
952361,1907235,2024-08-01,CSAN23,COSAN S.A. (*),2031-08-15,2.0,di_spread,1.3725,1.1757,1.2676,"0,03","1,23","1,3","1088,985257","102,96",1024,0,1900-01-01,0.19680000000000009,-1.0708,-1.8032
953336,1908210,2024-08-02,CSAN23,COSAN S.A. (*),2031-08-15,2.0,di_spread,1.3798,1.1761,1.2671,"0,04","1,23","1,3","1089,689047","102,98",1029,0,1900-01-01,0.2037,-1.0634,-1.7963
954311,1909185,2024-08-05,CSAN23,COSAN S.A. (*),2031-08-15,2.0,di_spread,1.4008,1.1802,1.2699,"0,04","1,23","1,31","1090,078647","102,96",1029,0,1900-01-01,0.22060000000000013,-1.0493,-1.7793999999999999
955284,1910158,2024-08-06,CSAN23,COSAN S.A. (*),2031-08-15,2.0,di_spread,1.4923,1.1804,1.3136,"0,05","1,27","1,36","1088,534046","102,77",1024,0,1900-01-01,0.31190000000000007,-1.0017,-1.6881
956467,1911341,2024-08-07,CSAN23,COSAN S.A. (*),2031-08-15,2.0,di_spread,1.4278,1.1884,1.2932,"0,04","1,26","1,33","1089,930309","102,85",1024,0,1900-01-01,0.23940000000000006,-1.0537999999999998,-1.7606
957232,1912106,2024-08-08,CSAN23,COSAN S.A. (*),2031-08-15,2.0,di_spread,1.4353,1.1748,1.2957,"0,04","1,26","1,33","1090,293305","102,84",1022,0,1900-01-01,0.26049999999999995,-1.0352000000000001,-1.7395
958206,1913080,2024-08-09,CSAN23,COSAN S.A. (*),2031-08-15,2.0,di_spread,1.4195,1.1759,1.2966,"0,03","1,27","1,33","1090,841815","102,84",1025,0,1900-01-01,0.24360000000000004,-1.053,-1.7564
959180,1914054,2024-08-12,CSAN23,COSAN S.A. (*),2031-08-15,2.0,di_spread,1.4141,1.2,1.2818,"0,03","1,25","1,31","1091,985625","102,9",1024,0,1900-01-01,0.21409999999999996,-1.0677,-1.7859
960154,1915028,2024-08-13,CSAN23,COSAN S.A. (*),2031-08-15,2.0,di_spread,1.3723,1.1968,1.2763,"0,03","1,25","1,31","1092,821081","102,93",1027,0,1900-01-01,0.1755,-1.1008,-1.8245
961176,1916050,2024-08-14,CSAN23,COSAN S.A. (*),2031-08-15,2.0,di_spread,1.4186,1.1733,1.2723,"0,04","1,23","1,31","1093,49659","102,95",1027,0,1900-01-01,0.24530000000000007,-1.027,-1.7547
962102,1916976,2024-08-15,CSAN23,COSAN S.A. (*),2031-08-15,2.0,di_spread,1.387,1.1717,1.2552,"0,04","1,22","1,29","1031,94168","103,19",1085,0,1900-01-01,0.21530000000000005,-1.0399,-1.7847
963077,1917951,2024-08-16,CSAN23,COSAN S.A. (*),2031-08-15,2.0,di_spread,1.3849,1.1732,1.2729,"0,05","1,22","1,32","1031,618051","103,11",1084,0,1900-01-01,0.2117,-1.0612,-1.7883
964047,1918921,2024-08-19,CSAN23,COSAN S.A. (*),2031-08-15,2.0,di_spread,1.3642,1.1827,1.2343,"0,04","1,19","1,28","1033,854216","103,29",1086,0,1900-01-01,0.1815,-1.0528,-1.8185
965018,1919892,2024-08-20,CSAN23,COSAN S.A. (*),2031-08-15,2.0,di_spread,1.3689,1.1812,1.2356,"0,04","1,19","1,28","1034,201552","103,27",1083,0,1900-01-01,0.18769999999999998,-1.0479,-1.8123
965986,1920860,2024-08-21,CSAN23,COSAN S.A. (*),2031-08-15,2.0,di_spread,1.3838,1.1777,1.2481,"0,05","1,2","1,29","1034,126897","103,22",1083,0,1900-01-01,0.20609999999999995,-1.042,-1.7939
966954,1921828,2024-08-22,CSAN23,COSAN S.A. (*),2031-08-15,2.0,di_spread,1.3755,1.1694,1.2676,"0,04","1,22","1,31","1033,593101","103,12",1077,0,1900-01-01,0.20609999999999995,-1.0615,-1.7939
967919,1922793,2024-08-23,CSAN23,COSAN S.A. (*),2031-08-15,2.0,di_spread,1.3654,1.1658,1.2469,"0,04","1,21","1,29","1035,048656","103,21",1079,0,1900-01-01,0.1996,-1.0473,-1.8004
968884,1923758,2024-08-26,CSAN23,COSAN S.A. (*),2031-08-15,2.0,di_spread,1.3853,1.159,1.2457,"0,04","1,2","1,29","1035,595764","103,22",1079,0,1900-01-01,0.22629999999999995,-1.0194,-1.7737
969866,1924740,2024-08-27,CSAN23,COSAN S.A. (*),2031-08-15,2.0,di_spread,1.3745,1.1524,1.2451,"0,03","1,22","1,27","1036,026426","103,21",1077,0,1900-01-01,0.22209999999999996,-1.0230000000000001,-1.7779
970868,1925742,2024-08-28,CSAN23,COSAN S.A. (*),2031-08-15,2.0,di_spread,1.3945,1.1852,1.2484,"0,05","1,2","1,3","1036,249586","103,19",1073,0,1900-01-01,0.20930000000000004,-1.0391,-1.7907
971869,1926743,2024-08-29,CSAN23,COSAN S.A. (*),2031-08-15,2.0,di_spread,1.3643,1.1178,1.2438,"0,04","1,21","1,28","1036,817266","103,19",1069,0,1900-01-01,0.24650000000000016,-0.9972999999999999,-1.7534999999999998
972869,1927743,2024-08-30,CSAN23,COSAN S.A. (*),2031-08-15,2.0,di_spread,1.3557,1.0889,1.2271,"0,04","1,19","1,27","1037,869718","103,25",1064,0,1900-01-01,0.2667999999999999,-0.9603000000000002,-1.7332
973870,1928744,2024-09-02,CSAN23,COSAN S.A. (*),2031-08-15,2.0,di_spread,1.3409,1.0958,1.2274,"0,05","1,18","1,27","1038,274513","103,24",1061,0,1900-01-01,0.24509999999999987,-0.9823000000000002,-1.7549000000000001
974871,1929745,2024-09-03,CSAN23,COSAN S.A. (*),2031-08-15,2.0,di_spread,1.3294,1.1,1.2233,"0,05","1,18","1,27","1038,941474","103,26",1061,0,1900-01-01,0.22939999999999983,-0.9939000000000002,-1.7706000000000002
975869,1930743,2024-09-04,CSAN23,COSAN S.A. (*),2031-08-15,2.0,di_spread,1.332,1.1,1.2116,"0,04","1,17","1,25","1040,021387","103,32",1064,0,1900-01-01,0.23199999999999998,-0.9796,-1.768
976868,1931742,2024-09-05,CSAN23,COSAN S.A. (*),2031-08-15,2.0,di_spread,1.3395,1.1,1.2114,"0,04","1,17","1,25","1040,556961","103,32",1065,0,1900-01-01,0.23949999999999982,-0.9719000000000002,-1.7605000000000002
977867,1932741,2024-09-06,CSAN23,COSAN S.A. (*),2031-08-15,2.0,di_spread,1.3302,1.1,1.2166,"0,04","1,18","1,26","1040,804543","103,3",1065,0,1900-01-01,0.23019999999999996,-0.9863999999999999,-1.7698
978869,1933743,2024-09-09,CSAN23,COSAN S.A. (*),2031-08-15,2.0,di_spread,1.3577,1.1118,1.2258,"0,05","1,18","1,27","1040,869676","103,26",1064,0,1900-01-01,0.2459,-0.9799,-1.7541
979862,1934736,2024-09-10,CSAN23,COSAN S.A. (*),2031-08-15,2.0,di_spread,1.3012,1.1014,1.201,"0,05","1,16","1,25","1042,386421","103,36",1063,0,1900-01-01,0.19979999999999998,-1.0012,-1.8002
980861,1935735,2024-09-11,CSAN23,COSAN S.A. (*),2031-08-15,2.0,di_spread,1.3204,1.0941,1.2023,"0,04","1,16","1,24","1042,799217","103,35",1062,0,1900-01-01,0.22629999999999995,-0.976,-1.7737
981854,1936728,2024-09-12,CSAN23,COSAN S.A. (*),2031-08-15,2.0,di_spread,1.3249,1.1,1.2016,"0,04","1,16","1,24","1043,193869","103,34",1058,0,1900-01-01,0.22489999999999988,-0.9767000000000001,-1.7751000000000001
982850,1937724,2024-09-13,CSAN23,COSAN S.A. (*),2031-08-15,2.0,di_spread,1.3199,1.1043,1.2072,"0,04","1,17","1,25","1043,440198","103,32",1058,0,1900-01-01,0.2156,-0.9916,-1.7844
983845,1938719,2024-09-16,CSAN23,COSAN S.A. (*),2031-08-15,2.0,di_spread,1.3147,1.0841,1.2173,"0,04","1,18","1,26","1043,42541","103,27",1056,0,1900-01-01,0.23059999999999992,-0.9867000000000001,-1.7694
984836,1939710,2024-09-17,CSAN23,COSAN S.A. (*),2031-08-15,2.0,di_spread,1.3235,1.0884,1.2061,"0,04","1,16","1,25","1044,354613","103,31",1054,0,1900-01-01,0.23509999999999986,-0.9710000000000001,-1.7649000000000001
985826,1940700,2024-09-18,CSAN23,COSAN S.A. (*),2031-08-15,2.0,di_spread,1.3289,1.0816,1.2033,"0,05","1,15","1,25","1044,965115","103,32",1054,0,1900-01-01,0.24730000000000008,-0.956,-1.7527
986816,1941690,2024-09-19,CSAN23,COSAN S.A. (*),2031-08-15,2.0,di_spread,1.3227,1.0867,1.2075,"0,04","1,17","1,25","1045,13366","103,29",1050,0,1900-01-01,0.236,-0.9715,-1.764
987804,1942678,2024-09-20,CSAN23,COSAN S.A. (*),2031-08-15,2.0,di_spread,1.3357,1.0782,1.2244,"0,04","1,18","1,26","1044,709738","103,2",1043,0,1900-01-01,0.25750000000000006,-0.9668999999999999,-1.7425
988789,1943663,2024-09-23,CSAN23,COSAN S.A. (*),2031-08-15,2.0,di_spread,1.3242,1.0782,1.2083,"0,04","1,17","1,25","1045,752063","103,25",1039,0,1900-01-01,0.246,-0.9622999999999999,-1.754
989772,1944646,2024-09-24,CSAN23,COSAN S.A. (*),2031-08-15,2.0,di_spread,1.3382,1.0753,1.2014,"0,05","1,15","1,25","1046,694031","103,29",1043,0,1900-01-01,0.26290000000000013,-0.9384999999999999,-1.7370999999999999
990757,1945631,2024-09-25,CSAN23,COSAN S.A. (*),2031-08-15,2.0,di_spread,1.3568,1.0928,1.2144,"0,05","1,16","1,27","1046,638933","103,24",1043,0,1900-01-01,0.264,-0.9503999999999999,-1.736
991763,1946637,2024-09-26,CSAN23,COSAN S.A. (*),2031-08-15,2.0,di_spread,1.37,1.1018,1.2192,"0,06","1,16","1,27","1046,854806","103,21",1041,0,1900-01-01,0.2682000000000002,-0.9509999999999998,-1.7317999999999998
992759,1947633,2024-09-27,CSAN23,COSAN S.A. (*),2031-08-15,2.0,di_spread,1.3365,1.1,1.2118,"0,04","1,17","1,26","1047,593562","103,23",1038,0,1900-01-01,0.23649999999999993,-0.9753000000000001,-1.7635
993756,1948630,2024-09-30,CSAN23,COSAN S.A. (*),2031-08-15,2.0,di_spread,1.3341,1.1,1.2086,"0,04","1,17","1,25","1048,151066","103,24",1036,0,1900-01-01,0.23409999999999997,-0.9744999999999999,-1.7659
994756,1949630,2024-10-01,CSAN23,COSAN S.A. (*),2031-08-15,2.0,di_spread,1.3391,1.1056,1.211,"0,04","1,17","1,26","1048,554664","103,23",1036,0,1900-01-01,0.23350000000000004,-0.9775,-1.7665
995754,1950628,2024-10-02,CSAN23,COSAN S.A. (*),2031-08-15,2.0,di_spread,1.3638,1.1,1.2347,"0,05","1,19","1,28","1048,050612","103,13",1036,0,1900-01-01,0.2637999999999998,-0.9709000000000001,-1.7362000000000002
